Region,Year,Population-Weighted PM2.5 [ug/m3],Geographic-Mean PM2.5 [ug/m3],Population Coverage [%],Geographic Coverage [%],Total Population [million people],% pop >= 5 ug/m3 [%],% pop >= 10 ug/m3 [%],% pop >= 15 ug/m3 [%],% pop >= 25 ug/m3 [%],% pop >= 30 ug/m3 [%],% pop >= 35 ug/m3 [%],% pop >= 40 ug/m3 [%],% pop >= 45 ug/m3 [%],% pop >= 50 ug/m3 [%],% pop >= 55 ug/m3 [%],% pop >= 60 ug/m3 [%]
Andaman and Nicobar,1998,16.5,15.8,99.5,98.7,0.331,100.0,95.7,77.3,0.1,0.0,0.0,0.0,0.0,0.0,0.0,0.0
Andaman and Nicobar,1999,16.1,15.8,99.5,98.7,0.331,100.0,100.0,76.1,0.1,0.0,0.0,0.0,0.0,0.0,0.0,0.0
Andaman and Nicobar,2000,18.2,17.7,99.5,98.7,0.331,100.0,100.0,87.9,0.2,0.0,0.0,0.0,0.0,0.0,0.0,0.0
Andaman and Nicobar,2001,18.9,18.0,99.5,98.7,0.333,100.0,100.0,88.3,0.2,0.0,0.0,0.0,0.0,0.0,0.0,0.0
Andaman and Nicobar,2002,19.7,18.7,99.5,98.7,0.336,100.0,100.0,88.5,1.1,0.0,0.0,0.0,0.0,0.0,0.0,0.0
Andaman and Nicobar,2003,19.5,18.7,99.5,98.7,0.338,100.0,100.0,88.7,1.0,0.0,0.0,0.0,0.0,0.0,0.0,0.0
Andaman and Nicobar,2004,22.4,21.3,99.5,98.7,0.340,100.0,100.0,96.9,11.2,0.1,0.0,0.0,0.0,0.0,0.0,0.0
Andaman and Nicobar,2005,20.4,19.4,99.5,98.7,0.343,100.0,100.0,89.3,2.9,0.0,0.0,0.0,0.0,0.0,0.0,0.0
Andaman and Nicobar,2006,22.5,21.4,99.5,98.7,0.344,100.0,100.0,93.3,16.5,0.1,0.0,0.0,0.0,0.0,0.0,0.0
Andaman and Nicobar,2007,22.2,21.2,99.5,98.7,0.346,100.0,100.0,96.6,11.6,0.1,0.0,0.0,0.0,0.0,0.0,0.0
Andaman and Nicobar,2008,22.3,21.2,99.5,98.7,0.348,100.0,100.0,96.0,9.5,0.1,0.0,0.0,0.0,0.0,0.0,0.0
Andaman and Nicobar,2009,24.3,22.7,99.5,98.7,0.349,100.0,100.0,94.5,51.1,1.2,0.0,0.0,0.0,0.0,0.0,0.0
Andaman and Nicobar,2010,22.7,21.6,99.5,98.7,0.351,100.0,100.0,97.5,18.6,0.1,0.0,0.0,0.0,0.0,0.0,0.0
Andaman and Nicobar,2011,22.1,20.6,99.5,98.7,0.352,100.0,100.0,90.5,10.7,0.0,0.0,0.0,0.0,0.0,0.0,0.0
Andaman and Nicobar,2012,23.9,22.3,99.5,98.7,0.353,100.0,100.0,97.2,40.7,0.7,0.0,0.0,0.0,0.0,0.0,0.0
Andaman and Nicobar,2013,23.3,21.9,99.5,98.7,0.354,100.0,100.0,98.0,26.6,0.3,0.0,0.0,0.0,0.0,0.0,0.0
Andaman and Nicobar,2014,26.0,24.2,99.5,98.7,0.355,100.0,100.0,97.4,74.7,10.3,0.1,0.0,0.0,0.0,0.0,0.0
Andaman and Nicobar,2015,20.7,19.5,99.6,98.7,0.356,100.0,100.0,92.3,2.5,0.0,0.0,0.0,0.0,0.0,0.0,0.0
Andaman and Nicobar,2016,23.9,22.2,99.6,98.7,0.357,100.0,100.0,99.0,37.0,0.2,0.0,0.0,0.0,0.0,0.0,0.0
Andaman and Nicobar,2017,21.2,19.4,99.6,98.7,0.358,100.0,100.0,92.4,5.4,0.0,0.0,0.0,0.0,0.0,0.0,0.0
Andaman and Nicobar,2018,23.6,21.7,99.6,98.7,0.359,100.0,100.0,93.8,36.3,0.7,0.0,0.0,0.0,0.0,0.0,0.0
Andaman and Nicobar,2019,23.3,21.7,99.6,98.7,0.359,100.0,100.0,97.3,30.6,0.4,0.0,0.0,0.0,0.0,0.0,0.0
Andaman and Nicobar,2020,22.5,20.8,99.6,98.7,0.360,100.0,100.0,97.6,13.1,0.1,0.0,0.0,0.0,0.0,0.0,0.0
Andaman and Nicobar,2021,20.5,18.7,99.6,98.7,0.360,100.0,99.3,92.0,2.1,0.0,0.0,0.0,0.0,0.0,0.0,0.0
Andaman and Nicobar,2022,18.6,17.2,99.6,98.7,0.360,100.0,99.9,91.9,0.1,0.0,0.0,0.0,0.0,0.0,0.0,0.0
Andhra Pradesh,1998,16.6,16.0,99.9,99.9,46.644,100.0,99.3,84.0,0.0,0.0,0.0,0.0,0.0,0.0,0.0,0.0
Andhra Pradesh,1999,19.0,18.2,99.9,99.9,46.644,100.0,100.0,93.3,0.2,0.0,0.0,0.0,0.0,0.0,0.0,0.0
Andhra Pradesh,2000,20.3,19.1,99.9,99.9,46.644,100.0,100.0,94.5,2.0,0.0,0.0,0.0,0.0,0.0,0.0,0.0
Andhra Pradesh,2001,22.4,22.0,99.9,99.9,47.090,100.0,100.0,100.0,5.2,0.0,0.0,0.0,0.0,0.0,0.0,0.0
Andhra Pradesh,2002,22.7,21.9,99.9,99.9,47.535,100.0,100.0,99.7,11.8,0.0,0.0,0.0,0.0,0.0,0.0,0.0
Andhra Pradesh,2003,23.4,22.8,99.9,99.9,47.981,100.0,100.0,100.0,20.4,0.0,0.0,0.0,0.0,0.0,0.0,0.0
Andhra Pradesh,2004,24.8,23.8,99.9,99.9,48.427,100.0,100.0,100.0,48.6,0.3,0.0,0.0,0.0,0.0,0.0,0.0
Andhra Pradesh,2005,26.8,26.0,99.9,99.9,48.872,100.0,100.0,100.0,79.6,8.4,0.0,0.0,0.0,0.0,0.0,0.0
Andhra Pradesh,2006,27.8,26.3,99.9,99.9,49.229,100.0,100.0,100.0,81.6,26.8,0.1,0.0,0.0,0.0,0.0,0.0
Andhra Pradesh,2007,29.1,27.8,99.9,99.9,49.585,100.0,100.0,100.0,90.4,42.0,0.2,0.0,0.0,0.0,0.0,0.0
Andhra Pradesh,2008,30.8,29.1,99.9,99.9,49.942,100.0,100.0,100.0,93.3,59.9,13.0,0.0,0.0,0.0,0.0,0.0
Andhra Pradesh,2009,31.9,30.3,99.9,99.9,50.298,100.0,100.0,100.0,97.1,72.9,20.4,0.0,0.0,0.0,0.0,0.0
Andhra Pradesh,2010,29.0,28.1,99.9,99.9,50.655,100.0,100.0,100.0,91.7,39.8,0.2,0.0,0.0,0.0,0.0,0.0
Andhra Pradesh,2011,30.5,28.9,99.9,99.9,50.908,100.0,100.0,100.0,94.1,56.5,10.4,0.0,0.0,0.0,0.0,0.0
Andhra Pradesh,2012,28.4,26.7,99.9,99.9,51.162,100.0,100.0,100.0,81.6,37.8,0.8,0.0,0.0,0.0,0.0,0.0
Andhra Pradesh,2013,28.5,26.9,99.9,99.9,51.415,100.0,100.0,100.0,81.8,38.9,1.0,0.0,0.0,0.0,0.0,0.0
Andhra Pradesh,2014,31.9,29.8,99.9,99.9,51.669,100.0,100.0,100.0,90.7,66.3,30.3,1.1,0.0,0.0,0.0,0.0
Andhra Pradesh,2015,27.5,25.9,99.9,99.9,51.922,100.0,100.0,100.0,72.9,30.0,2.0,0.1,0.0,0.0,0.0,0.0
Andhra Pradesh,2016,28.4,26.7,99.9,99.9,52.113,100.0,100.0,100.0,81.0,35.0,2.2,0.0,0.0,0.0,0.0,0.0
Andhra Pradesh,2017,32.7,30.7,99.9,99.9,52.304,100.0,100.0,100.0,97.6,73.7,31.9,2.4,0.0,0.0,0.0,0.0
Andhra Pradesh,2018,32.2,30.6,99.9,99.9,52.494,100.0,100.0,100.0,96.6,73.5,25.2,0.7,0.0,0.0,0.0,0.0
Andhra Pradesh,2019,29.2,27.5,99.9,99.9,52.685,100.0,100.0,100.0,83.2,48.2,4.5,0.0,0.0,0.0,0.0,0.0
Andhra Pradesh,2020,29.3,27.4,99.9,99.9,52.876,100.0,100.0,100.0,82.8,50.5,4.0,0.0,0.0,0.0,0.0,0.0
Andhra Pradesh,2021,30.7,29.0,99.9,99.9,52.876,100.0,100.0,100.0,88.3,61.7,14.9,0.2,0.0,0.0,0.0,0.0
Andhra Pradesh,2022,27.7,26.7,99.9,99.9,52.876,100.0,100.0,100.0,84.4,18.2,0.1,0.0,0.0,0.0,0.0,0.0
Arunachal Pradesh,1998,9.5,7.5,100.0,100.0,1.170,99.6,29.2,9.5,0.0,0.0,0.0,0.0,0.0,0.0,0.0,0.0
Arunachal Pradesh,1999,11.5,9.4,100.0,100.0,1.170,100.0,67.8,12.1,0.0,0.0,0.0,0.0,0.0,0.0,0.0,0.0
Arunachal Pradesh,2000,11.6,9.5,100.0,100.0,1.170,99.8,62.5,14.9,0.0,0.0,0.0,0.0,0.0,0.0,0.0,0.0
Arunachal Pradesh,2001,14.0,12.4,100.0,100.0,1.198,100.0,96.1,27.8,0.0,0.0,0.0,0.0,0.0,0.0,0.0,0.0
Arunachal Pradesh,2002,12.9,11.4,100.0,100.0,1.225,100.0,88.6,19.1,0.0,0.0,0.0,0.0,0.0,0.0,0.0,0.0
Arunachal Pradesh,2003,13.7,11.8,100.0,100.0,1.252,100.0,91.5,26.3,0.0,0.0,0.0,0.0,0.0,0.0,0.0,0.0
Arunachal Pradesh,2004,14.1,11.9,100.0,100.0,1.280,100.0,93.8,35.0,0.0,0.0,0.0,0.0,0.0,0.0,0.0,0.0
Arunachal Pradesh,2005,14.9,13.0,100.0,100.0,1.307,100.0,98.1,42.0,0.2,0.0,0.0,0.0,0.0,0.0,0.0,0.0
Arunachal Pradesh,2006,15.7,13.2,100.0,100.0,1.336,100.0,98.5,49.3,4.7,0.0,0.0,0.0,0.0,0.0,0.0,0.0
Arunachal Pradesh,2007,15.3,12.9,100.0,100.0,1.366,100.0,98.3,43.8,4.1,0.0,0.0,0.0,0.0,0.0,0.0,0.0
Arunachal Pradesh,2008,15.5,13.0,100.0,100.0,1.395,100.0,98.2,48.3,2.0,0.0,0.0,0.0,0.0,0.0,0.0,0.0
Arunachal Pradesh,2009,18.7,15.9,100.0,100.0,1.424,100.0,99.7,80.8,8.7,1.9,0.0,0.0,0.0,0.0,0.0,0.0
Arunachal Pradesh,2010,15.4,12.8,100.0,100.0,1.453,100.0,97.4,48.2,2.2,0.0,0.0,0.0,0.0,0.0,0.0,0.0
Arunachal Pradesh,2011,16.1,13.4,100.0,100.0,1.485,100.0,98.5,54.7,2.5,0.0,0.0,0.0,0.0,0.0,0.0,0.0
Arunachal Pradesh,2012,17.5,15.1,100.0,100.0,1.516,100.0,99.5,68.9,4.5,0.0,0.0,0.0,0.0,0.0,0.0,0.0
Arunachal Pradesh,2013,15.0,12.7,100.0,100.0,1.548,100.0,98.5,42.4,0.7,0.0,0.0,0.0,0.0,0.0,0.0,0.0
Arunachal Pradesh,2014,15.9,13.6,100.0,100.0,1.579,100.0,98.6,54.0,1.6,0.0,0.0,0.0,0.0,0.0,0.0,0.0
Arunachal Pradesh,2015,14.7,12.3,100.0,100.0,1.611,100.0,93.4,44.1,0.0,0.0,0.0,0.0,0.0,0.0,0.0,0.0
Arunachal Pradesh,2016,15.0,12.9,100.0,100.0,1.647,100.0,97.5,43.5,0.3,0.0,0.0,0.0,0.0,0.0,0.0,0.0
Arunachal Pradesh,2017,14.9,12.4,100.0,100.0,1.682,100.0,97.0,43.2,0.7,0.0,0.0,0.0,0.0,0.0,0.0,0.0
Arunachal Pradesh,2018,16.4,13.4,100.0,100.0,1.718,100.0,98.0,54.9,2.3,0.0,0.0,0.0,0.0,0.0,0.0,0.0
Arunachal Pradesh,2019,16.0,13.5,100.0,100.0,1.754,100.0,99.0,54.7,1.1,0.0,0.0,0.0,0.0,0.0,0.0,0.0
Arunachal Pradesh,2020,15.0,12.3,100.0,100.0,1.789,100.0,95.9,43.8,0.9,0.0,0.0,0.0,0.0,0.0,0.0,0.0
Arunachal Pradesh,2021,16.9,14.0,100.0,100.0,1.789,100.0,99.3,60.9,5.7,0.6,0.0,0.0,0.0,0.0,0.0,0.0
Arunachal Pradesh,2022,12.4,10.1,100.0,100.0,1.789,99.9,78.9,21.7,0.0,0.0,0.0,0.0,0.0,0.0,0.0,0.0
Assam,1998,19.9,18.9,100.0,99.9,26.920,100.0,99.4,85.0,13.1,2.2,0.4,0.0,0.0,0.0,0.0,0.0
Assam,1999,21.3,20.5,100.0,99.9,26.920,100.0,100.0,91.0,23.2,3.0,0.2,0.0,0.0,0.0,0.0,0.0
Assam,2000,23.4,22.4,100.0,99.9,26.920,100.0,99.8,95.2,38.1,10.6,1.8,0.3,0.0,0.0,0.0,0.0
Assam,2001,25.6,24.5,100.0,99.9,27.373,100.0,100.0,98.7,55.3,19.0,3.4,1.2,0.2,0.0,0.0,0.0
Assam,2002,24.5,23.3,100.0,99.9,27.827,100.0,100.0,95.7,44.0,17.6,2.4,0.9,0.3,0.0,0.0,0.0
Assam,2003,27.0,25.7,100.0,99.9,28.280,100.0,100.0,98.7,64.7,32.0,8.3,1.8,0.6,0.1,0.0,0.0
Assam,2004,28.0,26.6,100.0,99.9,28.734,100.0,100.0,99.3,72.9,31.8,12.1,1.9,0.7,0.1,0.0,0.0
Assam,2005,28.8,27.2,100.0,99.9,29.187,100.0,100.0,99.7,73.7,38.0,18.9,3.2,1.0,0.0,0.0,0.0
Assam,2006,31.6,30.2,100.0,99.9,29.612,100.0,100.0,99.8,82.2,61.9,31.3,11.5,2.0,1.0,0.1,0.0
Assam,2007,30.5,29.1,100.0,99.9,30.036,100.0,100.0,99.8,79.4,52.6,25.1,5.3,1.4,0.2,0.0,0.0
Assam,2008,30.2,28.6,100.0,99.9,30.460,100.0,100.0,99.8,78.6,47.3,23.6,4.8,1.5,0.3,0.0,0.0
Assam,2009,35.4,34.1,100.0,99.9,30.885,100.0,100.0,100.0,91.7,77.9,55.8,23.6,7.2,1.6,0.7,0.1
Assam,2010,32.6,30.6,100.0,99.9,31.309,100.0,100.0,99.8,81.8,64.6,35.9,17.9,5.5,0.7,0.1,0.0
Assam,2011,32.0,30.3,100.0,99.9,31.692,100.0,100.0,99.8,83.7,64.5,29.2,13.0,1.7,0.3,0.0,0.0
Assam,2012,35.8,33.8,100.0,99.9,32.075,100.0,100.0,99.8,89.2,76.9,52.6,31.3,14.1,2.8,1.1,0.2
Assam,2013,31.1,29.4,100.0,99.9,32.457,100.0,100.0,99.8,80.5,55.9,29.4,8.6,1.8,0.8,0.0,0.0
Assam,2014,33.1,31.1,100.0,99.9,32.840,100.0,100.0,99.8,82.9,66.0,40.8,20.0,3.7,1.6,0.5,0.1
Assam,2015,30.9,29.4,100.0,99.9,33.222,100.0,100.0,99.6,80.6,57.9,28.5,6.7,1.5,0.5,0.1,0.0
Assam,2016,29.8,28.1,100.0,99.9,33.584,100.0,100.0,99.8,79.3,46.9,20.3,4.1,0.9,0.3,0.0,0.0
Assam,2017,31.4,29.6,100.0,99.9,33.945,100.0,100.0,99.9,81.4,59.3,29.3,10.8,2.6,1.0,0.2,0.0
Assam,2018,36.1,33.9,100.0,99.9,34.307,100.0,100.0,99.9,88.9,75.5,57.9,33.4,16.4,2.7,1.2,0.2
Assam,2019,32.6,30.7,100.0,99.9,34.668,100.0,100.0,100.0,83.6,62.7,36.3,16.6,5.8,1.4,0.2,0.0
Assam,2020,33.4,31.4,100.0,99.9,35.030,100.0,100.0,99.8,82.9,65.7,43.8,22.5,6.4,1.8,0.5,0.1
Assam,2021,35.5,33.5,100.0,99.9,35.030,100.0,100.0,100.0,89.4,75.5,50.5,30.7,11.8,2.2,0.8,0.1
Assam,2022,24.4,23.5,100.0,99.9,35.030,100.0,100.0,99.3,43.6,15.0,2.7,1.4,0.3,0.0,0.0,0.0
Bihar,1998,47.6,45.6,100.0,100.0,84.765,100.0,100.0,100.0,99.9,99.3,96.7,89.6,71.6,36.4,9.4,0.0
Bihar,1999,49.1,47.0,100.0,100.0,84.765,100.0,100.0,100.0,100.0,99.5,97.3,91.6,74.1,49.9,19.5,1.8
Bihar,2000,54.7,52.2,100.0,100.0,84.765,100.0,100.0,100.0,99.9,99.7,98.9,95.4,84.5,67.5,51.0,28.3
Bihar,2001,61.0,58.3,100.0,100.0,86.839,100.0,100.0,100.0,100.0,100.0,99.7,98.9,95.2,86.3,70.8,54.9
Bihar,2002,57.3,55.1,100.0,100.0,88.914,100.0,100.0,100.0,100.0,100.0,99.8,98.8,93.8,78.7,62.2,38.7
Bihar,2003,58.9,56.7,100.0,100.0,90.988,100.0,100.0,100.0,100.0,100.0,100.0,99.3,95.9,82.2,66.0,47.3
Bihar,2004,60.9,58.5,100.0,100.0,93.063,100.0,100.0,100.0,100.0,100.0,100.0,99.7,97.1,88.1,71.4,55.4
Bihar,2005,59.6,57.1,100.0,100.0,95.137,100.0,100.0,100.0,100.0,100.0,99.8,98.3,94.6,84.3,67.3,47.8
Bihar,2006,67.4,64.5,100.0,100.0,97.233,100.0,100.0,100.0,100.0,100.0,99.8,99.6,98.3,94.5,84.4,73.8
Bihar,2007,68.6,65.5,100.0,100.0,99.328,100.0,100.0,100.0,100.0,100.0,99.9,99.7,99.1,96.3,87.9,73.4
Bihar,2008,73.1,70.5,100.0,100.0,101.423,100.0,100.0,100.0,100.0,100.0,100.0,100.0,99.9,99.3,97.0,89.2
Bihar,2009,75.2,72.0,100.0,100.0,103.518,100.0,100.0,100.0,100.0,100.0,100.0,99.8,99.6,98.3,95.4,88.7
Bihar,2010,68.5,65.5,100.0,100.0,105.613,100.0,100.0,100.0,100.0,100.0,99.9,99.7,99.0,96.9,90.8,75.7
Bihar,2011,77.1,73.9,100.0,100.0,107.678,100.0,100.0,100.0,100.0,100.0,100.0,100.0,100.0,99.5,97.9,93.7
Bihar,2012,78.2,74.4,100.0,100.0,109.742,100.0,100.0,100.0,100.0,100.0,100.0,99.8,99.5,98.6,96.2,90.3
Bihar,2013,76.2,72.7,100.0,100.0,111.806,100.0,100.0,100.0,100.0,100.0,100.0,100.0,99.7,98.7,96.4,91.5
Bihar,2014,73.7,70.0,100.0,100.0,113.871,100.0,100.0,100.0,100.0,100.0,99.9,99.7,99.4,98.0,94.4,87.2
Bihar,2015,70.0,67.2,100.0,100.0,115.935,100.0,100.0,100.0,100.0,100.0,100.0,99.9,99.6,98.5,94.5,85.2
Bihar,2016,74.7,71.4,100.0,100.0,118.033,100.0,100.0,100.0,100.0,100.0,100.0,100.0,99.8,97.8,93.0,83.9
Bihar,2017,74.6,71.3,100.0,100.0,120.131,100.0,100.0,100.0,100.0,100.0,100.0,99.9,99.7,98.9,95.8,88.7
Bihar,2018,81.6,77.8,100.0,100.0,122.229,100.0,100.0,100.0,100.0,100.0,100.0,99.9,99.8,99.4,98.2,95.8
Bihar,2019,75.8,72.7,100.0,100.0,124.327,100.0,100.0,100.0,100.0,100.0,100.0,100.0,99.9,99.4,97.8,92.0
Bihar,2020,69.9,67.3,100.0,100.0,126.426,100.0,100.0,100.0,100.0,100.0,100.0,99.9,99.7,98.6,94.8,86.1
Bihar,2021,74.4,71.6,100.0,100.0,126.426,100.0,100.0,100.0,100.0,100.0,100.0,100.0,99.8,99.3,97.3,91.3
Bihar,2022,70.3,67.3,100.0,100.0,126.426,100.0,100.0,100.0,100.0,100.0,100.0,99.9,99.5,97.9,93.3,83.9
Chandigarh,1998,27.4,27.3,100.0,100.0,0.623,100.0,100.0,100.0,94.7,0.0,0.0,0.0,0.0,0.0,0.0,0.0
Chandigarh,1999,27.2,27.1,100.0,100.0,0.623,100.0,100.0,100.0,93.1,0.0,0.0,0.0,0.0,0.0,0.0,0.0
Chandigarh,2000,33.7,33.7,100.0,100.0,0.623,100.0,100.0,100.0,100.0,100.0,18.6,0.0,0.0,0.0,0.0,0.0
Chandigarh,2001,36.1,36.0,100.0,100.0,0.634,100.0,100.0,100.0,100.0,100.0,78.1,0.0,0.0,0.0,0.0,0.0
Chandigarh,2002,36.2,36.1,100.0,100.0,0.644,100.0,100.0,100.0,100.0,100.0,83.4,0.0,0.0,0.0,0.0,0.0
Chandigarh,2003,40.1,39.9,100.0,100.0,0.655,100.0,100.0,100.0,100.0,100.0,100.0,56.4,0.0,0.0,0.0,0.0
Chandigarh,2004,41.8,41.7,100.0,100.0,0.666,100.0,100.0,100.0,100.0,100.0,100.0,85.2,0.0,0.0,0.0,0.0
Chandigarh,2005,38.9,38.8,100.0,100.0,0.676,100.0,100.0,100.0,100.0,100.0,100.0,30.0,0.0,0.0,0.0,0.0
Chandigarh,2006,39.5,39.4,100.0,100.0,0.686,100.0,100.0,100.0,100.0,100.0,100.0,40.2,0.0,0.0,0.0,0.0
Chandigarh,2007,40.3,40.3,100.0,100.0,0.696,100.0,100.0,100.0,100.0,100.0,100.0,58.1,0.0,0.0,0.0,0.0
Chandigarh,2008,45.5,45.4,100.0,100.0,0.706,100.0,100.0,100.0,100.0,100.0,100.0,100.0,60.0,0.0,0.0,0.0
Chandigarh,2009,41.9,41.8,100.0,100.0,0.716,100.0,100.0,100.0,100.0,100.0,100.0,88.3,0.0,0.0,0.0,0.0
Chandigarh,2010,48.8,48.7,100.0,100.0,0.726,100.0,100.0,100.0,100.0,100.0,100.0,100.0,99.7,32.6,0.0,0.0
Chandigarh,2011,48.8,48.6,100.0,100.0,0.735,100.0,100.0,100.0,100.0,100.0,100.0,100.0,94.6,38.3,0.0,0.0
Chandigarh,2012,48.7,48.5,100.0,100.0,0.744,100.0,100.0,100.0,100.0,100.0,100.0,100.0,97.4,30.1,0.0,0.0
Chandigarh,2013,48.6,48.4,100.0,100.0,0.753,100.0,100.0,100.0,100.0,100.0,100.0,100.0,93.7,32.8,0.0,0.0
Chandigarh,2014,48.7,48.6,100.0,100.0,0.762,100.0,100.0,100.0,100.0,100.0,100.0,100.0,96.8,32.8,0.0,0.0
Chandigarh,2015,50.1,50.0,100.0,100.0,0.771,100.0,100.0,100.0,100.0,100.0,100.0,100.0,100.0,55.3,0.0,0.0
Chandigarh,2016,55.7,55.6,100.0,100.0,0.779,100.0,100.0,100.0,100.0,100.0,100.0,100.0,100.0,100.0,60.9,1.7
Chandigarh,2017,52.6,52.4,100.0,100.0,0.787,100.0,100.0,100.0,100.0,100.0,100.0,100.0,100.0,80.9,24.2,0.0
Chandigarh,2018,52.5,52.4,100.0,100.0,0.796,100.0,100.0,100.0,100.0,100.0,100.0,100.0,100.0,82.4,19.7,0.0
Chandigarh,2019,49.5,49.4,100.0,100.0,0.804,100.0,100.0,100.0,100.0,100.0,100.0,100.0,97.8,46.8,0.0,0.0
Chandigarh,2020,47.8,47.7,100.0,100.0,0.812,100.0,100.0,100.0,100.0,100.0,100.0,100.0,85.7,22.5,0.0,0.0
Chandigarh,2021,50.4,50.3,100.0,100.0,0.812,100.0,100.0,100.0,100.0,100.0,100.0,100.0,100.0,59.1,0.0,0.0
Chandigarh,2022,50.0,49.8,100.0,100.0,0.812,100.0,100.0,100.0,100.0,100.0,100.0,100.0,99.4,55.4,0.0,0.0
Chhattisgarh,1998,35.9,29.3,100.0,100.0,21.557,100.0,100.0,98.8,77.6,64.7,55.8,40.3,24.1,12.2,4.2,0.6
Chhattisgarh,1999,37.7,30.9,100.0,100.0,21.557,100.0,100.0,100.0,79.4,66.1,58.3,45.2,28.7,19.4,9.9,2.6
Chhattisgarh,2000,36.3,30.4,100.0,100.0,21.557,100.0,100.0,99.9,82.6,65.2,53.9,37.3,21.7,12.8,6.1,0.9
Chhattisgarh,2001,42.4,35.9,100.0,100.0,21.984,100.0,100.0,100.0,96.1,85.1,67.1,55.5,38.9,25.8,17.2,10.3
Chhattisgarh,2002,43.3,37.1,100.0,100.0,22.412,100.0,100.0,100.0,97.5,90.6,71.6,59.9,43.6,28.5,16.2,8.6
Chhattisgarh,2003,44.8,38.7,100.0,100.0,22.840,100.0,100.0,100.0,98.8,93.2,77.6,61.8,47.1,32.1,20.3,10.9
Chhattisgarh,2004,48.1,41.2,100.0,100.0,23.267,100.0,100.0,100.0,99.3,94.8,84.9,68.8,59.0,44.6,30.7,18.9
Chhattisgarh,2005,46.3,39.7,100.0,100.0,23.695,100.0,100.0,100.0,98.6,93.1,78.0,65.3,52.5,37.6,24.4,16.2
Chhattisgarh,2006,47.0,40.2,100.0,100.0,24.112,100.0,100.0,100.0,99.2,93.7,79.9,66.5,55.5,38.6,26.4,17.3
Chhattisgarh,2007,51.2,43.8,100.0,100.0,24.530,100.0,100.0,100.0,99.9,97.2,91.2,73.6,65.0,53.2,38.2,26.8
Chhattisgarh,2008,55.3,47.4,100.0,100.0,24.947,100.0,100.0,100.0,100.0,99.2,94.7,88.5,71.0,63.2,52.8,37.8
Chhattisgarh,2009,53.8,45.8,100.0,100.0,25.364,100.0,100.0,100.0,100.0,98.5,93.2,82.1,68.5,60.5,49.6,35.6
Chhattisgarh,2010,50.1,42.7,100.0,100.0,25.782,100.0,100.0,100.0,99.8,96.1,89.8,71.5,63.1,51.1,35.9,23.1
Chhattisgarh,2011,56.3,48.1,100.0,100.0,26.177,100.0,100.0,100.0,100.0,99.2,95.9,90.2,73.4,64.2,55.0,41.3
Chhattisgarh,2012,51.2,43.1,100.0,100.0,26.573,100.0,100.0,100.0,99.9,96.6,90.5,72.4,63.2,53.5,40.2,29.3
Chhattisgarh,2013,54.5,46.2,100.0,100.0,26.969,100.0,100.0,100.0,100.0,98.6,93.6,85.2,68.9,61.7,51.7,37.5
Chhattisgarh,2014,55.1,46.6,100.0,100.0,27.365,100.0,100.0,100.0,100.0,98.6,93.5,84.3,69.1,63.0,54.2,41.7
Chhattisgarh,2015,55.9,47.9,100.0,100.0,27.761,100.0,100.0,100.0,100.0,99.1,95.1,88.7,73.0,65.9,57.1,44.0
Chhattisgarh,2016,55.5,46.8,100.0,100.0,28.153,100.0,100.0,100.0,99.9,98.4,94.1,86.7,70.4,63.4,54.1,41.9
Chhattisgarh,2017,55.5,47.1,100.0,100.0,28.545,100.0,100.0,100.0,100.0,98.6,94.2,85.9,70.4,63.8,54.8,43.8
Chhattisgarh,2018,56.0,46.9,100.0,100.0,28.937,100.0,100.0,100.0,100.0,98.9,94.0,79.8,69.2,63.3,54.0,43.8
Chhattisgarh,2019,57.8,48.1,100.0,100.0,29.328,100.0,100.0,100.0,100.0,98.8,94.6,85.8,71.3,65.0,56.4,45.9
Chhattisgarh,2020,60.0,49.4,100.0,100.0,29.720,100.0,100.0,100.0,100.0,98.3,94.0,86.1,72.6,66.8,60.2,53.1
Chhattisgarh,2021,63.1,52.2,100.0,100.0,29.720,100.0,100.0,100.0,100.0,99.7,96.5,91.8,77.4,69.5,64.5,58.4
Chhattisgarh,2022,55.7,46.2,100.0,100.0,29.720,100.0,100.0,100.0,99.7,97.1,92.9,82.5,69.4,62.7,53.9,44.2
Dadra and Nagar Haveli,1998,19.7,19.6,100.0,100.0,0.238,100.0,100.0,100.0,0.0,0.0,0.0,0.0,0.0,0.0,0.0,0.0
Dadra and Nagar Haveli,1999,20.1,20.0,100.0,100.0,0.238,100.0,100.0,100.0,0.0,0.0,0.0,0.0,0.0,0.0,0.0,0.0
Dadra and Nagar Haveli,2000,22.3,22.3,100.0,100.0,0.238,100.0,100.0,100.0,0.0,0.0,0.0,0.0,0.0,0.0,0.0,0.0
Dadra and Nagar Haveli,2001,23.8,23.9,100.0,100.0,0.249,100.0,100.0,100.0,8.6,0.0,0.0,0.0,0.0,0.0,0.0,0.0
Dadra and Nagar Haveli,2002,25.1,25.2,100.0,100.0,0.259,100.0,100.0,100.0,52.4,0.0,0.0,0.0,0.0,0.0,0.0,0.0
Dadra and Nagar Haveli,2003,28.7,28.9,100.0,100.0,0.270,100.0,100.0,100.0,100.0,17.5,0.0,0.0,0.0,0.0,0.0,0.0
Dadra and Nagar Haveli,2004,29.0,29.1,100.0,100.0,0.281,100.0,100.0,100.0,100.0,20.4,0.0,0.0,0.0,0.0,0.0,0.0
Dadra and Nagar Haveli,2005,27.3,27.3,100.0,100.0,0.292,100.0,100.0,100.0,99.7,0.0,0.0,0.0,0.0,0.0,0.0,0.0
Dadra and Nagar Haveli,2006,29.1,29.2,100.0,100.0,0.304,100.0,100.0,100.0,100.0,22.2,0.0,0.0,0.0,0.0,0.0,0.0
Dadra and Nagar Haveli,2007,29.8,29.9,100.0,100.0,0.317,100.0,100.0,100.0,100.0,40.6,0.0,0.0,0.0,0.0,0.0,0.0
Dadra and Nagar Haveli,2008,31.4,31.5,100.0,100.0,0.329,100.0,100.0,100.0,100.0,94.5,0.0,0.0,0.0,0.0,0.0,0.0
Dadra and Nagar Haveli,2009,31.5,31.5,100.0,100.0,0.342,100.0,100.0,100.0,100.0,95.4,0.0,0.0,0.0,0.0,0.0,0.0
Dadra and Nagar Haveli,2010,31.3,31.4,100.0,100.0,0.354,100.0,100.0,100.0,100.0,89.5,0.0,0.0,0.0,0.0,0.0,0.0
Dadra and Nagar Haveli,2011,32.2,32.2,100.0,100.0,0.369,100.0,100.0,100.0,100.0,98.5,0.0,0.0,0.0,0.0,0.0,0.0
Dadra and Nagar Haveli,2012,32.5,32.7,100.0,100.0,0.383,100.0,100.0,100.0,100.0,99.3,2.1,0.0,0.0,0.0,0.0,0.0
Dadra and Nagar Haveli,2013,32.0,32.1,100.0,100.0,0.398,100.0,100.0,100.0,100.0,97.4,0.0,0.0,0.0,0.0,0.0,0.0
Dadra and Nagar Haveli,2014,31.3,31.2,100.0,100.0,0.412,100.0,100.0,100.0,100.0,90.0,0.0,0.0,0.0,0.0,0.0,0.0
Dadra and Nagar Haveli,2015,31.4,31.3,100.0,100.0,0.426,100.0,100.0,100.0,100.0,90.2,0.0,0.0,0.0,0.0,0.0,0.0
Dadra and Nagar Haveli,2016,30.0,29.9,100.0,100.0,0.443,100.0,100.0,100.0,100.0,50.8,0.0,0.0,0.0,0.0,0.0,0.0
Dadra and Nagar Haveli,2017,36.2,36.1,100.0,100.0,0.460,100.0,100.0,100.0,100.0,100.0,84.1,0.9,0.0,0.0,0.0,0.0
Dadra and Nagar Haveli,2018,37.3,37.3,100.0,100.0,0.477,100.0,100.0,100.0,100.0,100.0,99.4,0.6,0.0,0.0,0.0,0.0
Dadra and Nagar Haveli,2019,33.2,33.1,100.0,100.0,0.494,100.0,100.0,100.0,100.0,100.0,3.3,0.0,0.0,0.0,0.0,0.0
Dadra and Nagar Haveli,2020,32.9,32.6,100.0,100.0,0.510,100.0,100.0,100.0,100.0,99.7,2.9,0.0,0.0,0.0,0.0,0.0
Dadra and Nagar Haveli,2021,33.6,33.5,100.0,100.0,0.510,100.0,100.0,100.0,100.0,100.0,6.9,0.0,0.0,0.0,0.0,0.0
Dadra and Nagar Haveli,2022,31.6,31.6,100.0,100.0,0.510,100.0,100.0,100.0,100.0,97.6,0.0,0.0,0.0,0.0,0.0,0.0
Daman and Diu,1998,26.9,26.7,98.0,97.4,0.094,100.0,100.0,100.0,40.7,33.7,0.0,0.0,0.0,0.0,0.0,0.0
Daman and Diu,1999,27.0,26.9,98.0,97.4,0.094,100.0,100.0,100.0,52.9,32.4,0.0,0.0,0.0,0.0,0.0,0.0
Daman and Diu,2000,27.2,27.2,98.0,97.4,0.094,100.0,100.0,100.0,95.9,26.3,0.0,0.0,0.0,0.0,0.0,0.0
Daman and Diu,2001,26.9,26.9,97.9,97.4,0.098,100.0,100.0,100.0,97.0,19.3,0.0,0.0,0.0,0.0,0.0,0.0
Daman and Diu,2002,27.7,27.7,97.9,97.4,0.102,100.0,100.0,100.0,98.7,20.5,0.0,0.0,0.0,0.0,0.0,0.0
Daman and Diu,2003,31.6,31.7,97.9,97.4,0.106,100.0,100.0,100.0,100.0,93.0,15.8,0.0,0.0,0.0,0.0,0.0
Daman and Diu,2004,31.1,31.2,97.9,97.4,0.111,100.0,100.0,100.0,100.0,96.0,0.0,0.0,0.0,0.0,0.0,0.0
Daman and Diu,2005,30.4,30.4,97.8,97.4,0.115,100.0,100.0,100.0,100.0,71.0,0.0,0.0,0.0,0.0,0.0,0.0
Daman and Diu,2006,31.8,31.8,97.8,97.4,0.120,100.0,100.0,100.0,100.0,97.4,0.0,0.0,0.0,0.0,0.0,0.0
Daman and Diu,2007,32.6,32.6,97.8,97.4,0.125,100.0,100.0,100.0,100.0,98.4,0.0,0.0,0.0,0.0,0.0,0.0
Daman and Diu,2008,34.9,34.9,97.8,97.4,0.130,100.0,100.0,100.0,100.0,100.0,58.4,0.0,0.0,0.0,0.0,0.0
Daman and Diu,2009,33.4,33.3,97.7,97.4,0.135,100.0,100.0,100.0,100.0,98.4,1.1,0.0,0.0,0.0,0.0,0.0
Daman and Diu,2010,34.0,33.8,97.7,97.4,0.140,100.0,100.0,100.0,100.0,99.5,22.7,0.0,0.0,0.0,0.0,0.0
Daman and Diu,2011,33.8,33.7,97.7,97.4,0.146,100.0,100.0,100.0,100.0,99.5,6.2,0.0,0.0,0.0,0.0,0.0
Daman and Diu,2012,34.5,34.3,97.7,97.4,0.152,100.0,100.0,100.0,100.0,99.5,40.6,0.0,0.0,0.0,0.0,0.0
Daman and Diu,2013,35.0,34.8,97.7,97.4,0.158,100.0,100.0,100.0,100.0,99.5,58.3,0.0,0.0,0.0,0.0,0.0
Daman and Diu,2014,34.8,34.6,97.6,97.4,0.164,100.0,100.0,100.0,100.0,99.5,47.6,0.0,0.0,0.0,0.0,0.0
Daman and Diu,2015,35.9,35.4,97.6,97.4,0.170,100.0,100.0,100.0,100.0,99.5,76.8,0.0,0.0,0.0,0.0,0.0
Daman and Diu,2016,35.2,34.6,97.6,97.4,0.177,100.0,100.0,100.0,99.5,98.7,62.9,0.0,0.0,0.0,0.0,0.0
Daman and Diu,2017,40.8,40.1,97.6,97.4,0.184,100.0,100.0,100.0,100.0,99.6,96.6,76.5,0.0,0.0,0.0,0.0
Daman and Diu,2018,42.2,41.8,97.6,97.4,0.191,100.0,100.0,100.0,100.0,100.0,99.6,92.8,3.7,0.0,0.0,0.0
Daman and Diu,2019,37.5,37.0,97.5,97.4,0.199,100.0,100.0,100.0,100.0,99.6,87.8,5.7,0.0,0.0,0.0,0.0
Daman and Diu,2020,37.6,37.0,97.5,97.4,0.206,100.0,100.0,100.0,100.0,99.6,86.0,4.3,0.0,0.0,0.0,0.0
Daman and Diu,2021,37.6,37.2,97.5,97.4,0.206,100.0,100.0,100.0,100.0,99.6,93.7,4.3,0.0,0.0,0.0,0.0
Daman and Diu,2022,36.0,35.8,97.5,97.4,0.206,100.0,100.0,100.0,100.0,99.6,75.6,0.0,0.0,0.0,0.0,0.0
Goa,1998,21.3,20.4,100.0,99.9,1.374,100.0,100.0,99.7,0.0,0.0,0.0,0.0,0.0,0.0,0.0,0.0
Goa,1999,22.2,21.3,100.0,99.9,1.374,100.0,100.0,100.0,0.0,0.0,0.0,0.0,0.0,0.0,0.0,0.0
Goa,2000,23.9,22.9,100.0,99.9,1.374,100.0,100.0,100.0,26.2,0.0,0.0,0.0,0.0,0.0,0.0,0.0
Goa,2001,23.9,23.4,100.0,99.9,1.385,100.0,100.0,100.0,20.1,0.0,0.0,0.0,0.0,0.0,0.0,0.0
Goa,2002,26.6,26.4,100.0,99.9,1.397,100.0,100.0,100.0,89.7,0.3,0.0,0.0,0.0,0.0,0.0,0.0
Goa,2003,27.3,27.1,100.0,99.9,1.409,100.0,100.0,100.0,95.3,2.4,0.0,0.0,0.0,0.0,0.0,0.0
Goa,2004,26.2,26.1,100.0,99.9,1.420,100.0,100.0,100.0,86.2,0.3,0.0,0.0,0.0,0.0,0.0,0.0
Goa,2005,27.9,27.8,100.0,99.9,1.432,100.0,100.0,100.0,96.5,9.8,0.0,0.0,0.0,0.0,0.0,0.0
Goa,2006,26.4,26.7,100.0,99.9,1.441,100.0,100.0,100.0,85.0,3.7,0.0,0.0,0.0,0.0,0.0,0.0
Goa,2007,30.5,30.5,100.0,99.9,1.450,100.0,100.0,100.0,100.0,57.2,1.6,0.0,0.0,0.0,0.0,0.0
Goa,2008,31.7,31.4,100.0,99.9,1.459,100.0,100.0,100.0,99.9,82.4,4.0,0.0,0.0,0.0,0.0,0.0
Goa,2009,32.4,32.2,100.0,99.9,1.467,100.0,100.0,100.0,100.0,91.5,7.2,0.0,0.0,0.0,0.0,0.0
Goa,2010,30.1,29.8,100.0,99.9,1.476,100.0,100.0,100.0,99.8,55.8,0.1,0.0,0.0,0.0,0.0,0.0
Goa,2011,30.6,30.0,100.0,99.9,1.482,100.0,100.0,100.0,99.9,69.6,0.0,0.0,0.0,0.0,0.0,0.0
Goa,2012,32.9,32.1,100.0,99.9,1.488,100.0,100.0,100.0,100.0,92.0,16.5,0.0,0.0,0.0,0.0,0.0
Goa,2013,29.6,28.4,100.0,99.9,1.493,100.0,100.0,100.0,95.8,46.2,0.0,0.0,0.0,0.0,0.0,0.0
Goa,2014,35.0,33.9,100.0,99.9,1.499,100.0,100.0,100.0,100.0,96.0,51.6,1.8,0.0,0.0,0.0,0.0
Goa,2015,32.7,31.6,100.0,99.9,1.505,100.0,100.0,100.0,100.0,87.5,18.5,0.0,0.0,0.0,0.0,0.0
Goa,2016,33.0,32.0,100.0,99.9,1.508,100.0,100.0,100.0,100.0,90.9,21.7,0.0,0.0,0.0,0.0,0.0
Goa,2017,35.5,34.5,100.0,99.9,1.512,100.0,100.0,100.0,100.0,98.4,58.0,2.6,0.0,0.0,0.0,0.0
Goa,2018,37.5,36.4,100.0,99.9,1.516,100.0,100.0,100.0,100.0,100.0,86.7,19.0,0.0,0.0,0.0,0.0
Goa,2019,31.6,30.8,100.0,99.9,1.519,100.0,100.0,100.0,99.4,76.0,12.6,0.0,0.0,0.0,0.0,0.0
Goa,2020,35.3,34.5,100.0,99.9,1.523,100.0,100.0,100.0,100.0,96.2,55.0,4.1,0.0,0.0,0.0,0.0
Goa,2021,37.4,36.6,100.0,99.9,1.523,100.0,100.0,100.0,100.0,99.9,84.3,18.4,0.1,0.0,0.0,0.0
Goa,2022,34.6,33.9,100.0,99.9,1.523,100.0,100.0,100.0,100.0,96.1,38.9,1.8,0.0,0.0,0.0,0.0
Gujarat,1998,31.4,31.5,99.8,98.7,51.638,100.0,100.0,100.0,91.3,57.7,27.1,4.4,0.0,0.0,0.0,0.0
Gujarat,1999,31.8,31.6,99.8,98.7,51.638,100.0,100.0,99.9,91.2,59.9,29.5,9.1,0.0,0.0,0.0,0.0
Gujarat,2000,33.2,34.3,99.8,98.7,51.638,100.0,100.0,100.0,94.2,73.2,35.3,10.9,0.8,0.0,0.0,0.0
Gujarat,2001,34.8,36.7,99.8,98.7,52.607,100.0,100.0,100.0,96.5,81.0,45.5,18.9,6.2,1.4,0.1,0.0
Gujarat,2002,36.5,39.2,99.8,98.7,53.576,100.0,100.0,100.0,98.5,87.3,51.8,28.4,9.2,4.6,1.0,0.1
Gujarat,2003,39.7,41.4,99.8,98.7,54.544,100.0,100.0,100.0,100.0,95.9,79.6,39.8,21.7,6.0,0.9,0.1
Gujarat,2004,40.4,42.8,99.8,98.7,55.513,100.0,100.0,100.0,100.0,95.9,79.0,45.2,26.7,7.9,1.7,0.3
Gujarat,2005,38.1,39.2,99.8,98.7,56.481,100.0,100.0,100.0,99.7,92.1,70.9,32.0,11.9,1.3,0.1,0.0
Gujarat,2006,39.7,40.4,99.8,98.7,57.420,100.0,100.0,100.0,99.9,95.0,79.6,45.7,21.6,2.7,0.4,0.0
Gujarat,2007,38.9,39.0,99.8,98.7,58.359,100.0,100.0,100.0,99.9,96.6,76.2,44.1,12.2,0.2,0.0,0.0
Gujarat,2008,42.0,42.6,99.8,98.7,59.298,100.0,100.0,100.0,100.0,99.3,90.1,65.9,29.4,6.0,0.4,0.0
Gujarat,2009,39.9,40.6,99.8,98.7,60.237,100.0,100.0,100.0,100.0,97.8,83.7,49.0,14.9,2.5,0.4,0.0
Gujarat,2010,40.2,40.6,99.8,98.7,61.176,100.0,100.0,100.0,100.0,97.9,83.2,52.9,22.1,1.6,0.1,0.0
Gujarat,2011,40.8,40.7,99.8,98.7,62.061,100.0,100.0,100.0,100.0,98.3,85.8,57.0,22.7,3.5,0.0,0.0
Gujarat,2012,42.8,43.3,99.8,98.7,62.946,100.0,100.0,100.0,100.0,98.9,89.3,71.2,33.2,13.3,0.5,0.0
Gujarat,2013,41.5,42.2,99.8,98.7,63.831,100.0,100.0,100.0,100.0,99.3,91.2,63.5,25.6,4.6,0.2,0.0
Gujarat,2014,42.0,42.1,99.8,98.7,64.716,100.0,100.0,100.0,100.0,98.3,89.1,67.1,29.9,6.3,0.1,0.0
Gujarat,2015,41.5,42.3,99.8,98.7,65.601,100.0,100.0,100.0,100.0,97.9,87.4,63.6,27.6,6.1,0.6,0.1
Gujarat,2016,39.4,39.4,99.8,98.7,66.475,100.0,100.0,100.0,99.9,95.4,78.6,42.0,17.9,3.4,0.1,0.0
Gujarat,2017,45.5,44.6,99.8,98.7,67.349,100.0,100.0,100.0,100.0,99.7,96.1,81.9,52.8,22.8,7.3,0.3
Gujarat,2018,48.2,48.9,99.8,98.7,68.223,100.0,100.0,100.0,100.0,100.0,99.2,89.6,68.8,38.3,15.0,2.2
Gujarat,2019,43.4,43.0,99.8,98.7,69.097,100.0,100.0,100.0,100.0,99.4,93.9,77.6,35.2,9.7,0.3,0.0
Gujarat,2020,41.8,41.0,99.8,98.7,69.971,100.0,100.0,100.0,100.0,99.4,91.6,62.2,26.7,6.7,0.1,0.0
Gujarat,2021,45.0,43.9,99.8,98.7,69.971,100.0,100.0,100.0,100.0,100.0,95.8,84.2,51.8,17.2,1.3,0.0
Gujarat,2022,43.5,43.1,99.8,98.7,69.971,100.0,100.0,100.0,100.0,99.3,94.5,77.4,37.9,11.3,0.5,0.0
Haryana,1998,48.9,46.4,100.0,100.0,21.458,100.0,100.0,100.0,98.6,97.6,96.3,85.5,60.8,40.6,27.6,15.3
Haryana,1999,50.5,48.4,100.0,100.0,21.458,100.0,100.0,100.0,98.7,97.7,96.7,93.8,71.4,49.7,30.9,15.9
Haryana,2000,57.3,54.7,100.0,100.0,21.458,100.0,100.0,100.0,100.0,99.4,97.9,96.8,93.4,75.3,54.4,39.2
Haryana,2001,59.6,57.1,100.0,100.0,21.867,100.0,100.0,100.0,100.0,99.8,98.2,97.2,95.9,83.5,60.4,43.2
Haryana,2002,64.8,62.2,100.0,100.0,22.276,100.0,100.0,100.0,100.0,100.0,98.4,97.4,96.2,94.0,82.0,62.3
Haryana,2003,70.9,67.8,100.0,100.0,22.685,100.0,100.0,100.0,100.0,100.0,99.6,98.0,96.7,95.2,90.5,77.8
Haryana,2004,69.6,66.6,100.0,100.0,23.094,100.0,100.0,100.0,100.0,100.0,99.8,98.3,97.4,96.3,93.8,81.2
Haryana,2005,65.3,62.5,100.0,100.0,23.503,100.0,100.0,100.0,100.0,100.0,98.6,97.2,95.9,93.6,81.4,67.1
Haryana,2006,64.3,62.2,100.0,100.0,23.906,100.0,100.0,100.0,100.0,100.0,99.2,97.9,96.6,95.2,88.8,66.7
Haryana,2007,68.7,66.2,100.0,100.0,24.310,100.0,100.0,100.0,100.0,100.0,99.5,98.1,96.9,95.5,92.3,79.7
Haryana,2008,75.5,71.6,100.0,100.0,24.714,100.0,100.0,100.0,100.0,100.0,100.0,99.2,98.2,97.4,95.6,88.7
Haryana,2009,70.8,67.9,100.0,100.0,25.117,100.0,100.0,100.0,100.0,100.0,99.7,98.4,97.6,96.5,95.1,88.0
Haryana,2010,83.1,78.9,100.0,100.0,25.521,100.0,100.0,100.0,100.0,100.0,100.0,99.9,98.5,97.5,96.5,95.2
Haryana,2011,84.2,79.1,100.0,100.0,25.912,100.0,100.0,100.0,100.0,100.0,100.0,99.6,98.5,97.9,97.0,95.1
Haryana,2012,76.0,72.2,100.0,100.0,26.303,100.0,100.0,100.0,100.0,100.0,100.0,99.3,98.4,97.5,96.2,91.7
Haryana,2013,75.0,71.1,100.0,100.0,26.694,100.0,100.0,100.0,100.0,100.0,100.0,99.3,98.4,97.7,96.2,90.4
Haryana,2014,73.1,69.7,100.0,100.0,27.085,100.0,100.0,100.0,100.0,100.0,100.0,99.4,98.5,97.6,96.0,89.5
Haryana,2015,75.6,71.9,100.0,100.0,27.477,100.0,100.0,100.0,100.0,100.0,100.0,99.9,98.9,98.2,97.4,95.3
Haryana,2016,86.5,81.1,100.0,100.0,27.876,100.0,100.0,100.0,100.0,100.0,100.0,100.0,99.9,99.0,98.2,96.6
Haryana,2017,84.5,79.9,100.0,100.0,28.276,100.0,100.0,100.0,100.0,100.0,100.0,100.0,99.2,98.2,97.2,96.3
Haryana,2018,80.8,76.0,100.0,100.0,28.676,100.0,100.0,100.0,100.0,100.0,100.0,100.0,99.2,98.2,97.3,95.9
Haryana,2019,75.7,71.4,100.0,100.0,29.076,100.0,100.0,100.0,100.0,100.0,100.0,99.4,98.4,97.4,96.1,91.3
Haryana,2020,73.8,70.0,100.0,100.0,29.476,100.0,100.0,100.0,100.0,100.0,100.0,99.3,98.4,97.6,95.8,90.5
Haryana,2021,78.7,75.0,100.0,100.0,29.476,100.0,100.0,100.0,100.0,100.0,100.0,100.0,98.9,98.1,97.0,95.7
Haryana,2022,72.8,69.4,100.0,100.0,29.476,100.0,100.0,100.0,100.0,100.0,100.0,99.6,98.6,97.6,96.0,91.0
Himachal Pradesh,1998,19.4,16.7,100.0,100.0,6.309,100.0,99.8,98.0,5.9,0.1,0.0,0.0,0.0,0.0,0.0,0.0
Himachal Pradesh,1999,19.3,17.3,100.0,100.0,6.309,100.0,100.0,99.2,5.5,0.0,0.0,0.0,0.0,0.0,0.0,0.0
Himachal Pradesh,2000,26.1,24.4,100.0,100.0,6.309,100.0,100.0,99.9,60.1,15.7,2.7,0.0,0.0,0.0,0.0,0.0
Himachal Pradesh,2001,27.2,25.0,100.0,100.0,6.397,100.0,100.0,99.9,71.5,19.4,3.2,0.0,0.0,0.0,0.0,0.0
Himachal Pradesh,2002,28.1,25.4,100.0,100.0,6.484,100.0,100.0,100.0,73.7,31.3,5.7,0.7,0.0,0.0,0.0,0.0
Himachal Pradesh,2003,28.8,25.9,100.0,100.0,6.571,100.0,100.0,100.0,77.0,36.8,9.7,2.4,0.0,0.0,0.0,0.0
Himachal Pradesh,2004,28.7,26.2,100.0,100.0,6.658,100.0,100.0,100.0,74.2,34.1,10.8,2.6,0.1,0.0,0.0,0.0
Himachal Pradesh,2005,25.5,23.0,100.0,100.0,6.746,100.0,100.0,99.9,42.5,18.3,5.1,1.3,0.0,0.0,0.0,0.0
Himachal Pradesh,2006,25.3,21.9,100.0,100.0,6.824,100.0,100.0,99.8,39.1,17.3,5.9,0.6,0.0,0.0,0.0,0.0
Himachal Pradesh,2007,26.9,24.4,100.0,100.0,6.902,100.0,100.0,99.9,56.9,20.8,8.4,1.9,0.0,0.0,0.0,0.0
Himachal Pradesh,2008,28.2,24.9,100.0,100.0,6.980,100.0,100.0,99.9,67.2,27.7,14.6,5.8,1.5,0.0,0.0,0.0
Himachal Pradesh,2009,27.3,25.4,100.0,100.0,7.058,100.0,100.0,100.0,61.3,24.9,10.5,3.1,0.3,0.0,0.0,0.0
Himachal Pradesh,2010,29.7,26.0,100.0,100.0,7.135,100.0,100.0,100.0,84.3,34.7,16.8,7.6,1.6,0.0,0.0,0.0
Himachal Pradesh,2011,29.4,26.0,100.0,100.0,7.202,100.0,100.0,100.0,79.3,32.0,16.3,7.6,2.1,0.0,0.0,0.0
Himachal Pradesh,2012,29.1,26.9,100.0,100.0,7.268,100.0,100.0,100.0,81.5,30.7,14.8,5.3,0.9,0.0,0.0,0.0
Himachal Pradesh,2013,29.7,27.3,100.0,100.0,7.334,100.0,100.0,100.0,93.9,31.4,15.2,5.6,0.6,0.0,0.0,0.0
Himachal Pradesh,2014,29.5,27.5,100.0,100.0,7.400,100.0,100.0,100.0,90.7,33.8,13.6,4.5,0.7,0.0,0.0,0.0
Himachal Pradesh,2015,30.1,27.1,100.0,100.0,7.466,100.0,100.0,100.0,94.3,33.1,17.1,8.0,2.7,0.6,0.0,0.0
Himachal Pradesh,2016,34.8,31.1,100.0,100.0,7.525,100.0,100.0,100.0,99.8,78.3,34.7,19.7,10.9,4.1,0.5,0.0
Himachal Pradesh,2017,31.3,28.3,100.0,100.0,7.584,100.0,100.0,100.0,93.4,46.4,21.8,11.3,3.8,0.2,0.0,0.0
Himachal Pradesh,2018,32.8,29.3,100.0,100.0,7.644,100.0,100.0,100.0,99.3,58.3,26.2,14.6,6.2,0.9,0.0,0.0
Himachal Pradesh,2019,28.6,24.7,100.0,100.0,7.703,100.0,100.0,99.9,80.2,26.1,14.2,4.8,0.2,0.0,0.0,0.0
Himachal Pradesh,2020,28.4,24.6,100.0,100.0,7.762,100.0,100.0,99.9,67.0,26.7,15.6,6.6,0.9,0.0,0.0,0.0
Himachal Pradesh,2021,33.3,30.0,100.0,100.0,7.762,100.0,100.0,100.0,99.7,70.3,26.9,14.0,5.3,0.4,0.0,0.0
Himachal Pradesh,2022,28.9,25.1,100.0,100.0,7.762,100.0,100.0,100.0,79.0,27.8,16.3,6.1,1.0,0.0,0.0,0.0
Jammu and Kashmir,1998,19.6,11.1,100.0,100.0,10.289,99.4,98.2,91.3,10.0,3.6,0.9,0.0,0.0,0.0,0.0,0.0
Jammu and Kashmir,1999,19.2,11.6,100.0,100.0,10.289,99.8,98.3,88.2,9.0,3.1,0.2,0.0,0.0,0.0,0.0,0.0
Jammu and Kashmir,2000,24.1,14.5,100.0,100.0,10.289,100.0,98.8,97.9,43.4,9.7,1.9,0.0,0.0,0.0,0.0,0.0
Jammu and Kashmir,2001,26.3,15.5,100.0,100.0,10.523,99.7,99.0,98.2,60.9,21.5,4.0,0.4,0.0,0.0,0.0,0.0
Jammu and Kashmir,2002,26.0,15.9,100.0,100.0,10.756,99.9,99.1,98.4,57.5,20.4,4.3,0.5,0.0,0.0,0.0,0.0
Jammu and Kashmir,2003,24.6,14.6,100.0,100.0,10.990,99.7,99.0,98.1,44.5,15.1,2.7,0.3,0.0,0.0,0.0,0.0
Jammu and Kashmir,2004,24.4,14.5,100.0,100.0,11.224,99.6,99.0,98.2,40.4,13.6,3.7,0.7,0.0,0.0,0.0,0.0
Jammu and Kashmir,2005,22.7,13.5,100.0,100.0,11.458,99.6,98.9,98.0,26.6,10.5,4.0,1.1,0.0,0.0,0.0,0.0
Jammu and Kashmir,2006,23.8,13.0,100.0,100.0,11.693,99.4,98.7,97.7,30.6,10.8,3.8,0.7,0.0,0.0,0.0,0.0
Jammu and Kashmir,2007,25.9,14.6,100.0,100.0,11.928,99.6,98.9,98.1,48.2,20.5,8.3,3.4,1.0,0.0,0.0,0.0
Jammu and Kashmir,2008,26.3,14.6,100.0,100.0,12.162,99.6,98.9,98.1,49.6,21.0,9.4,3.4,0.9,0.0,0.0,0.0
Jammu and Kashmir,2009,23.4,14.4,100.0,100.0,12.397,99.7,99.1,98.1,28.9,11.2,5.0,1.6,0.0,0.0,0.0,0.0
Jammu and Kashmir,2010,25.9,15.0,100.0,100.0,12.632,99.7,99.0,98.1,51.8,20.6,8.0,3.2,0.8,0.0,0.0,0.0
Jammu and Kashmir,2011,25.9,15.1,100.0,100.0,12.863,99.7,99.1,98.3,50.2,14.9,7.9,3.2,0.6,0.0,0.0,0.0
Jammu and Kashmir,2012,26.1,16.0,100.0,100.0,13.094,99.8,99.3,98.4,52.9,17.9,7.8,3.3,1.3,0.0,0.0,0.0
Jammu and Kashmir,2013,25.3,15.5,100.0,100.0,13.324,99.8,99.2,98.4,45.1,14.6,7.4,3.5,1.2,0.0,0.0,0.0
Jammu and Kashmir,2014,26.4,15.9,100.0,100.0,13.555,99.8,99.2,98.5,52.4,17.3,9.6,4.7,1.6,0.0,0.0,0.0
Jammu and Kashmir,2015,24.9,15.0,100.0,100.0,13.786,99.8,99.2,98.2,42.6,15.1,8.5,3.4,0.5,0.0,0.0,0.0
Jammu and Kashmir,2016,29.4,17.7,100.0,100.0,14.020,99.9,99.4,98.7,78.0,35.9,14.6,7.8,3.3,1.1,0.0,0.0
Jammu and Kashmir,2017,27.3,16.4,100.0,100.0,14.255,99.9,99.3,98.4,63.5,28.8,9.4,4.3,1.9,0.0,0.0,0.0
Jammu and Kashmir,2018,27.9,16.8,100.0,100.0,14.489,99.9,99.3,98.5,64.6,29.7,11.3,6.8,3.2,1.2,0.0,0.0
Jammu and Kashmir,2019,23.8,13.8,100.0,100.0,14.724,99.6,98.9,98.0,37.2,10.4,5.8,2.8,0.9,0.0,0.0,0.0
Jammu and Kashmir,2020,24.7,14.1,100.0,100.0,14.959,99.7,99.0,97.8,39.8,13.8,6.0,2.7,0.8,0.0,0.0,0.0
Jammu and Kashmir,2021,28.3,16.4,100.0,100.0,14.959,99.8,99.2,98.4,71.0,30.3,10.3,6.1,3.1,1.2,0.0,0.0
Jammu and Kashmir,2022,23.8,13.9,100.0,100.0,14.959,99.7,99.0,97.3,34.4,12.9,7.9,3.9,1.8,0.7,0.0,0.0
Jharkhand,1998,31.9,29.6,100.0,100.0,27.804,100.0,100.0,99.9,86.7,63.5,28.3,11.4,0.1,0.0,0.0,0.0
Jharkhand,1999,33.1,31.0,100.0,100.0,27.804,100.0,100.0,100.0,92.1,70.6,36.8,14.4,0.3,0.0,0.0,0.0
Jharkhand,2000,35.6,33.4,100.0,100.0,27.804,100.0,100.0,100.0,98.8,81.9,54.5,25.0,2.5,0.0,0.0,0.0
Jharkhand,2001,41.4,39.3,100.0,100.0,28.408,100.0,100.0,100.0,100.0,99.2,90.5,57.9,27.0,3.4,0.0,0.0
Jharkhand,2002,43.1,41.1,100.0,100.0,29.011,100.0,100.0,100.0,100.0,99.7,94.5,72.4,33.5,13.1,0.0,0.0
Jharkhand,2003,44.0,42.4,100.0,100.0,29.614,100.0,100.0,100.0,100.0,99.8,98.2,76.8,38.2,16.1,1.3,0.0
Jharkhand,2004,46.3,44.3,100.0,100.0,30.218,100.0,100.0,100.0,100.0,99.8,99.0,88.2,56.2,25.3,9.1,0.0
Jharkhand,2005,42.7,40.9,100.0,100.0,30.821,100.0,100.0,100.0,100.0,99.5,91.6,64.1,36.7,13.2,0.5,0.0
Jharkhand,2006,47.4,44.8,100.0,100.0,31.418,100.0,100.0,100.0,100.0,99.6,97.6,82.8,63.8,37.5,16.1,1.6
Jharkhand,2007,49.8,47.7,100.0,100.0,32.015,100.0,100.0,100.0,100.0,99.9,99.5,94.3,73.6,43.8,26.4,7.9
Jharkhand,2008,57.6,55.0,100.0,100.0,32.612,100.0,100.0,100.0,100.0,100.0,99.8,99.4,96.8,83.0,59.2,37.6
Jharkhand,2009,54.2,51.2,100.0,100.0,33.209,100.0,100.0,100.0,100.0,99.9,99.6,97.6,84.3,67.1,45.6,27.4
Jharkhand,2010,49.5,46.9,100.0,100.0,33.805,100.0,100.0,100.0,100.0,99.8,99.2,94.1,68.8,43.1,27.1,9.1
Jharkhand,2011,59.4,56.7,100.0,100.0,34.380,100.0,100.0,100.0,100.0,100.0,100.0,99.6,97.5,88.7,70.6,44.4
Jharkhand,2012,53.5,50.8,100.0,100.0,34.954,100.0,100.0,100.0,100.0,100.0,99.6,98.2,85.3,58.9,40.9,27.2
Jharkhand,2013,55.9,53.2,100.0,100.0,35.529,100.0,100.0,100.0,100.0,100.0,99.7,99.1,93.6,75.9,50.5,32.3
Jharkhand,2014,53.0,50.4,100.0,100.0,36.103,100.0,100.0,100.0,100.0,99.9,99.6,98.5,80.8,55.2,38.9,26.3
Jharkhand,2015,54.9,52.2,100.0,100.0,36.677,100.0,100.0,100.0,100.0,100.0,99.6,98.8,86.9,70.5,46.8,30.9
Jharkhand,2016,55.8,53.5,100.0,100.0,37.251,100.0,100.0,100.0,100.0,100.0,99.6,98.9,95.0,74.2,51.3,30.2
Jharkhand,2017,54.8,52.0,100.0,100.0,37.824,100.0,100.0,100.0,100.0,99.9,99.5,98.5,86.3,67.5,45.5,31.0
Jharkhand,2018,53.9,50.7,100.0,100.0,38.397,100.0,100.0,100.0,100.0,99.9,99.4,96.2,81.0,63.7,42.9,27.8
Jharkhand,2019,55.7,53.1,100.0,100.0,38.970,100.0,100.0,100.0,100.0,100.0,99.7,99.0,96.1,72.6,48.0,30.2
Jharkhand,2020,55.1,52.4,100.0,100.0,39.544,100.0,100.0,100.0,100.0,100.0,99.7,98.6,88.1,65.7,45.6,31.5
Jharkhand,2021,58.3,55.8,100.0,100.0,39.544,100.0,100.0,100.0,100.0,100.0,99.8,99.2,95.8,78.6,57.1,40.5
Jharkhand,2022,50.0,47.9,100.0,100.0,39.544,100.0,100.0,100.0,100.0,100.0,99.8,98.5,78.5,42.2,23.5,7.7
Karnataka,1998,14.5,14.2,100.0,99.9,54.029,100.0,90.1,48.9,0.0,0.0,0.0,0.0,0.0,0.0,0.0,0.0
Karnataka,1999,15.5,15.3,100.0,99.9,54.029,100.0,95.6,62.8,0.1,0.0,0.0,0.0,0.0,0.0,0.0,0.0
Karnataka,2000,17.2,17.0,100.0,99.9,54.029,100.0,98.1,77.8,0.2,0.0,0.0,0.0,0.0,0.0,0.0,0.0
Karnataka,2001,19.9,19.3,100.0,99.9,54.844,100.0,99.9,91.8,4.4,0.0,0.0,0.0,0.0,0.0,0.0,0.0
Karnataka,2002,21.1,20.8,100.0,99.9,55.659,100.0,100.0,95.4,10.7,0.0,0.0,0.0,0.0,0.0,0.0,0.0
Karnataka,2003,22.3,21.9,100.0,99.9,56.475,100.0,100.0,97.3,22.2,0.1,0.0,0.0,0.0,0.0,0.0,0.0
Karnataka,2004,23.0,22.1,100.0,99.9,57.290,100.0,100.0,97.6,31.6,2.6,0.0,0.0,0.0,0.0,0.0,0.0
Karnataka,2005,24.6,23.8,100.0,99.9,58.105,100.0,100.0,97.5,50.7,8.3,0.0,0.0,0.0,0.0,0.0,0.0
Karnataka,2006,24.6,23.9,100.0,99.9,58.880,100.0,100.0,98.5,49.0,9.0,0.0,0.0,0.0,0.0,0.0,0.0
Karnataka,2007,26.2,25.6,100.0,99.9,59.655,100.0,100.0,99.1,65.8,17.2,0.2,0.0,0.0,0.0,0.0,0.0
Karnataka,2008,26.5,25.7,100.0,99.9,60.429,100.0,100.0,99.4,65.6,20.9,0.8,0.0,0.0,0.0,0.0,0.0
Karnataka,2009,27.5,26.8,100.0,99.9,61.204,100.0,100.0,99.8,75.8,30.2,2.2,0.0,0.0,0.0,0.0,0.0
Karnataka,2010,27.3,26.4,100.0,99.9,61.978,100.0,100.0,99.4,72.2,27.2,2.6,0.0,0.0,0.0,0.0,0.0
Karnataka,2011,27.4,26.2,100.0,99.9,62.695,100.0,100.0,99.3,71.4,31.1,5.4,0.0,0.0,0.0,0.0,0.0
Karnataka,2012,25.9,25.1,100.0,99.9,63.412,100.0,100.0,99.5,60.1,15.3,0.8,0.0,0.0,0.0,0.0,0.0
Karnataka,2013,24.5,23.6,100.0,99.9,64.129,100.0,100.0,97.6,45.9,13.2,0.1,0.0,0.0,0.0,0.0,0.0
Karnataka,2014,27.4,26.7,100.0,99.9,64.846,100.0,100.0,99.6,73.9,28.6,3.0,0.0,0.0,0.0,0.0,0.0
Karnataka,2015,25.4,24.8,100.0,99.9,65.563,100.0,100.0,99.7,53.0,13.8,0.6,0.0,0.0,0.0,0.0,0.0
Karnataka,2016,25.8,24.7,100.0,99.9,66.273,100.0,100.0,99.1,54.1,20.6,1.9,0.0,0.0,0.0,0.0,0.0
Karnataka,2017,29.5,28.3,100.0,99.9,66.983,100.0,100.0,99.9,83.7,47.4,14.5,0.9,0.0,0.0,0.0,0.0
Karnataka,2018,28.9,27.8,100.0,99.9,67.694,100.0,100.0,99.9,80.7,40.3,12.1,0.6,0.0,0.0,0.0,0.0
Karnataka,2019,25.3,24.5,100.0,99.9,68.404,100.0,100.0,98.4,51.6,17.6,0.6,0.0,0.0,0.0,0.0,0.0
Karnataka,2020,26.6,25.9,100.0,99.9,69.114,100.0,100.0,98.9,60.3,26.9,4.9,0.0,0.0,0.0,0.0,0.0
Karnataka,2021,28.4,27.7,100.0,99.9,69.114,100.0,100.0,99.9,76.5,35.9,11.2,0.7,0.0,0.0,0.0,0.0
Karnataka,2022,27.3,26.2,100.0,99.9,69.114,100.0,100.0,99.7,70.2,26.4,7.6,0.3,0.0,0.0,0.0,0.0
Kerala,1998,11.2,9.8,100.0,100.0,31.798,99.6,59.4,20.8,0.0,0.0,0.0,0.0,0.0,0.0,0.0,0.0
Kerala,1999,12.1,10.6,100.0,100.0,31.798,100.0,68.3,25.0,0.0,0.0,0.0,0.0,0.0,0.0,0.0,0.0
Kerala,2000,14.3,12.7,100.0,100.0,31.798,100.0,86.8,41.8,0.0,0.0,0.0,0.0,0.0,0.0,0.0,0.0
Kerala,2001,15.6,14.4,100.0,100.0,31.967,100.0,97.4,55.0,0.0,0.0,0.0,0.0,0.0,0.0,0.0,0.0
Kerala,2002,16.3,15.0,100.0,100.0,32.136,100.0,98.8,64.2,0.0,0.0,0.0,0.0,0.0,0.0,0.0,0.0
Kerala,2003,17.7,16.3,100.0,100.0,32.305,100.0,99.1,76.6,0.7,0.0,0.0,0.0,0.0,0.0,0.0,0.0
Kerala,2004,18.8,17.2,100.0,100.0,32.475,100.0,99.8,83.3,5.7,0.0,0.0,0.0,0.0,0.0,0.0,0.0
Kerala,2005,18.3,16.9,100.0,100.0,32.644,100.0,99.7,79.5,3.0,0.0,0.0,0.0,0.0,0.0,0.0,0.0
Kerala,2006,19.4,17.9,100.0,100.0,32.746,100.0,99.9,87.3,9.4,0.0,0.0,0.0,0.0,0.0,0.0,0.0
Kerala,2007,20.2,18.4,100.0,100.0,32.848,100.0,99.8,91.7,12.5,0.0,0.0,0.0,0.0,0.0,0.0,0.0
Kerala,2008,21.8,19.9,100.0,100.0,32.951,100.0,100.0,96.3,23.4,0.1,0.0,0.0,0.0,0.0,0.0,0.0
Kerala,2009,21.5,19.5,100.0,100.0,33.053,100.0,100.0,94.8,22.5,0.4,0.0,0.0,0.0,0.0,0.0,0.0
Kerala,2010,20.1,18.5,100.0,100.0,33.155,100.0,100.0,90.7,10.0,0.0,0.0,0.0,0.0,0.0,0.0,0.0
Kerala,2011,22.2,20.3,100.0,100.0,33.185,100.0,100.0,95.6,30.4,1.7,0.0,0.0,0.0,0.0,0.0,0.0
Kerala,2012,21.2,19.3,100.0,100.0,33.215,100.0,100.0,94.9,19.2,0.3,0.0,0.0,0.0,0.0,0.0,0.0
Kerala,2013,18.6,16.8,100.0,100.0,33.245,100.0,99.0,82.1,3.4,0.0,0.0,0.0,0.0,0.0,0.0,0.0
Kerala,2014,21.6,19.7,100.0,100.0,33.275,100.0,100.0,96.2,17.1,0.1,0.0,0.0,0.0,0.0,0.0,0.0
Kerala,2015,20.2,18.5,100.0,100.0,33.305,100.0,100.0,93.9,7.5,0.0,0.0,0.0,0.0,0.0,0.0,0.0
Kerala,2016,22.0,20.0,100.0,100.0,33.293,100.0,100.0,96.6,26.7,2.7,0.0,0.0,0.0,0.0,0.0,0.0
Kerala,2017,22.1,20.2,100.0,100.0,33.280,100.0,100.0,97.1,25.2,0.3,0.0,0.0,0.0,0.0,0.0,0.0
Kerala,2018,24.8,22.7,100.0,100.0,33.267,100.0,100.0,98.8,49.6,13.3,0.0,0.0,0.0,0.0,0.0,0.0
Kerala,2019,19.4,17.7,100.0,100.0,33.255,100.0,99.9,89.4,6.8,0.0,0.0,0.0,0.0,0.0,0.0,0.0
Kerala,2020,19.8,17.9,100.0,100.0,33.242,100.0,99.3,88.7,5.1,0.0,0.0,0.0,0.0,0.0,0.0,0.0
Kerala,2021,21.9,19.9,100.0,100.0,33.242,100.0,100.0,96.6,22.3,1.6,0.0,0.0,0.0,0.0,0.0,0.0
Kerala,2022,21.0,19.1,100.0,100.0,33.242,100.0,100.0,95.5,15.4,1.6,0.0,0.0,0.0,0.0,0.0,0.0
Lakshadweep,1998,18.8,18.8,91.0,87.5,0.024,100.0,100.0,100.0,0.0,0.0,0.0,0.0,0.0,0.0,0.0,0.0
Lakshadweep,1999,22.2,22.2,91.0,87.5,0.024,100.0,100.0,100.0,3.2,0.0,0.0,0.0,0.0,0.0,0.0,0.0
Lakshadweep,2000,20.4,20.4,91.0,87.5,0.024,100.0,100.0,100.0,0.0,0.0,0.0,0.0,0.0,0.0,0.0,0.0
Lakshadweep,2001,18.8,18.8,91.0,87.5,0.025,100.0,100.0,100.0,0.0,0.0,0.0,0.0,0.0,0.0,0.0,0.0
Lakshadweep,2002,20.7,20.7,91.0,87.5,0.025,100.0,100.0,100.0,0.0,0.0,0.0,0.0,0.0,0.0,0.0,0.0
Lakshadweep,2003,21.0,21.1,91.0,87.5,0.025,100.0,100.0,100.0,0.0,0.0,0.0,0.0,0.0,0.0,0.0,0.0
Lakshadweep,2004,21.7,21.8,91.0,87.5,0.025,100.0,100.0,100.0,0.0,0.0,0.0,0.0,0.0,0.0,0.0,0.0
Lakshadweep,2005,19.9,20.1,91.0,87.5,0.025,100.0,100.0,100.0,0.0,0.0,0.0,0.0,0.0,0.0,0.0,0.0
Lakshadweep,2006,20.6,20.7,91.0,87.5,0.025,100.0,100.0,100.0,0.0,0.0,0.0,0.0,0.0,0.0,0.0,0.0
Lakshadweep,2007,25.2,25.4,91.0,87.5,0.025,100.0,100.0,100.0,52.8,0.0,0.0,0.0,0.0,0.0,0.0,0.0
Lakshadweep,2008,25.1,25.4,91.0,87.5,0.026,100.0,100.0,100.0,39.0,0.0,0.0,0.0,0.0,0.0,0.0,0.0
Lakshadweep,2009,27.1,27.5,91.0,87.5,0.026,100.0,100.0,100.0,97.2,7.3,0.0,0.0,0.0,0.0,0.0,0.0
Lakshadweep,2010,23.2,23.5,91.0,87.5,0.026,100.0,100.0,100.0,14.7,0.0,0.0,0.0,0.0,0.0,0.0,0.0
Lakshadweep,2011,24.0,24.3,91.0,87.5,0.026,100.0,100.0,100.0,27.3,0.0,0.0,0.0,0.0,0.0,0.0,0.0
Lakshadweep,2012,22.2,22.6,91.0,87.5,0.026,100.0,100.0,100.0,5.4,0.0,0.0,0.0,0.0,0.0,0.0,0.0
Lakshadweep,2013,21.4,21.8,91.0,87.5,0.026,100.0,100.0,100.0,5.4,0.0,0.0,0.0,0.0,0.0,0.0,0.0
Lakshadweep,2014,24.1,24.4,91.0,87.5,0.026,100.0,100.0,100.0,32.8,0.0,0.0,0.0,0.0,0.0,0.0,0.0
Lakshadweep,2015,22.9,23.0,91.0,87.5,0.026,100.0,100.0,100.0,16.8,0.0,0.0,0.0,0.0,0.0,0.0,0.0
Lakshadweep,2016,24.5,24.6,91.0,87.5,0.026,100.0,100.0,100.0,43.5,0.0,0.0,0.0,0.0,0.0,0.0,0.0
Lakshadweep,2017,26.8,27.1,91.0,87.5,0.026,100.0,100.0,100.0,72.3,18.1,0.0,0.0,0.0,0.0,0.0,0.0
Lakshadweep,2018,25.7,26.1,91.0,87.5,0.026,100.0,100.0,100.0,58.6,4.5,0.0,0.0,0.0,0.0,0.0,0.0
Lakshadweep,2019,21.5,21.8,91.0,87.5,0.026,100.0,100.0,100.0,8.7,0.0,0.0,0.0,0.0,0.0,0.0,0.0
Lakshadweep,2020,24.2,24.6,91.0,87.5,0.026,100.0,100.0,100.0,47.9,0.0,0.0,0.0,0.0,0.0,0.0,0.0
Lakshadweep,2021,25.7,26.1,91.0,87.5,0.026,100.0,100.0,100.0,69.3,11.9,0.0,0.0,0.0,0.0,0.0,0.0
Lakshadweep,2022,23.2,23.5,91.0,87.5,0.026,100.0,100.0,100.0,16.0,0.0,0.0,0.0,0.0,0.0,0.0,0.0
Madhya Pradesh,1998,28.0,26.9,100.0,100.0,61.749,100.0,100.0,100.0,57.4,22.1,12.2,8.7,6.7,4.7,2.4,0.8
Madhya Pradesh,1999,28.8,27.7,100.0,100.0,61.749,100.0,100.0,100.0,64.7,26.6,15.3,9.0,6.6,4.5,2.4,0.9
Madhya Pradesh,2000,30.4,29.3,100.0,100.0,61.749,100.0,100.0,100.0,83.6,35.2,15.4,9.2,6.9,4.9,3.2,1.4
Madhya Pradesh,2001,33.9,32.9,100.0,100.0,62.974,100.0,100.0,100.0,98.1,65.7,25.4,13.4,9.1,6.9,4.5,3.3
Madhya Pradesh,2002,36.5,35.4,100.0,100.0,64.200,100.0,100.0,100.0,99.2,84.0,40.8,18.9,11.0,8.7,6.9,5.1
Madhya Pradesh,2003,39.7,38.5,100.0,100.0,65.425,100.0,100.0,100.0,100.0,96.6,69.6,31.2,15.0,10.2,7.8,5.7
Madhya Pradesh,2004,39.1,38.0,100.0,100.0,66.651,100.0,100.0,100.0,100.0,96.5,64.9,27.5,14.2,9.2,7.0,5.1
Madhya Pradesh,2005,37.8,36.6,100.0,100.0,67.876,100.0,100.0,100.0,99.6,91.5,53.8,21.2,11.5,8.7,6.7,5.2
Madhya Pradesh,2006,39.5,38.4,100.0,100.0,69.064,100.0,100.0,100.0,100.0,98.5,77.7,29.1,11.9,8.2,6.2,4.3
Madhya Pradesh,2007,41.5,40.4,100.0,100.0,70.252,100.0,100.0,100.0,100.0,99.1,87.5,45.7,16.8,10.1,7.8,6.0
Madhya Pradesh,2008,45.6,44.3,100.0,100.0,71.440,100.0,100.0,100.0,100.0,99.7,95.6,72.2,34.9,18.9,11.7,8.9
Madhya Pradesh,2009,43.7,42.4,100.0,100.0,72.629,100.0,100.0,100.0,100.0,99.7,93.7,64.3,23.6,11.7,9.0,7.4
Madhya Pradesh,2010,43.0,41.6,100.0,100.0,73.817,100.0,100.0,100.0,100.0,99.3,88.7,50.3,21.5,12.2,10.0,8.3
Madhya Pradesh,2011,46.8,45.4,100.0,100.0,74.934,100.0,100.0,100.0,100.0,99.9,95.6,80.1,46.5,24.8,11.4,8.5
Madhya Pradesh,2012,45.4,43.8,100.0,100.0,76.050,100.0,100.0,100.0,100.0,99.3,91.9,71.2,37.2,19.2,11.4,8.4
Madhya Pradesh,2013,46.0,44.5,100.0,100.0,77.167,100.0,100.0,100.0,100.0,99.9,96.7,78.9,41.4,17.3,10.0,7.7
Madhya Pradesh,2014,45.2,43.7,100.0,100.0,78.284,100.0,100.0,100.0,100.0,99.9,95.5,77.1,37.8,13.6,8.7,7.0
Madhya Pradesh,2015,45.2,43.9,100.0,100.0,79.401,100.0,100.0,100.0,100.0,100.0,97.9,78.5,33.7,12.7,8.8,6.9
Madhya Pradesh,2016,44.7,43.2,100.0,100.0,80.494,100.0,100.0,100.0,100.0,99.0,92.9,69.7,34.0,15.5,9.3,7.2
Madhya Pradesh,2017,48.2,46.4,100.0,100.0,81.586,100.0,100.0,100.0,100.0,100.0,98.8,88.7,60.8,24.5,11.5,8.3
Madhya Pradesh,2018,47.3,45.7,100.0,100.0,82.679,100.0,100.0,100.0,100.0,100.0,99.0,85.8,50.1,20.8,10.9,8.5
Madhya Pradesh,2019,48.7,46.8,100.0,100.0,83.772,100.0,100.0,100.0,100.0,99.9,98.0,87.5,59.1,26.4,15.4,10.1
Madhya Pradesh,2020,46.4,44.7,100.0,100.0,84.865,100.0,100.0,100.0,100.0,99.8,96.0,79.0,42.0,18.7,11.1,8.3
Madhya Pradesh,2021,49.0,47.3,100.0,100.0,84.865,100.0,100.0,100.0,100.0,100.0,99.5,92.5,65.4,26.6,13.3,8.7
Madhya Pradesh,2022,44.7,43.1,100.0,100.0,84.865,100.0,100.0,100.0,100.0,99.6,95.2,76.3,31.8,13.1,8.3,6.3
Maharashtra,1998,22.0,20.8,99.8,99.9,98.293,100.0,100.0,95.5,27.9,2.6,0.3,0.0,0.0,0.0,0.0,0.0
Maharashtra,1999,22.0,21.1,99.8,99.9,98.293,100.0,100.0,95.3,29.5,5.2,1.4,0.0,0.0,0.0,0.0,0.0
Maharashtra,2000,26.2,25.5,99.8,99.9,98.293,100.0,100.0,100.0,63.4,16.5,0.9,0.0,0.0,0.0,0.0,0.0
Maharashtra,2001,27.8,27.5,99.8,99.9,99.841,100.0,100.0,100.0,77.7,27.8,5.2,0.6,0.0,0.0,0.0,0.0
Maharashtra,2002,28.5,28.2,99.8,99.9,101.389,100.0,100.0,100.0,87.0,29.8,5.1,0.5,0.0,0.0,0.0,0.0
Maharashtra,2003,31.5,30.9,99.8,99.9,102.937,100.0,100.0,100.0,96.7,66.4,18.5,1.1,0.0,0.0,0.0,0.0
Maharashtra,2004,32.1,31.6,99.8,99.9,104.484,100.0,100.0,100.0,95.4,71.1,23.6,3.3,0.4,0.0,0.0,0.0
Maharashtra,2005,32.5,31.8,99.8,99.9,106.032,100.0,100.0,100.0,96.9,77.4,26.6,1.0,0.0,0.0,0.0,0.0
Maharashtra,2006,34.6,33.9,99.8,99.9,107.492,100.0,100.0,100.0,97.1,87.5,50.0,9.8,0.1,0.0,0.0,0.0
Maharashtra,2007,35.2,34.7,99.8,99.9,108.952,100.0,100.0,100.0,99.3,91.8,51.6,9.8,1.4,0.1,0.0,0.0
Maharashtra,2008,37.6,36.8,99.8,99.9,110.412,100.0,100.0,100.0,99.8,94.8,72.0,31.1,5.6,0.5,0.0,0.0
Maharashtra,2009,37.1,36.1,99.8,99.9,111.872,100.0,100.0,100.0,99.8,96.1,70.4,26.1,1.6,0.0,0.0,0.0
Maharashtra,2010,36.6,35.6,99.8,99.9,113.332,100.0,100.0,100.0,99.7,94.9,68.8,20.7,0.7,0.0,0.0,0.0
Maharashtra,2011,38.1,37.0,99.8,99.9,114.664,100.0,100.0,100.0,99.9,95.8,75.6,32.9,6.4,0.7,0.0,0.0
Maharashtra,2012,37.3,35.6,99.8,99.9,115.996,100.0,100.0,100.0,99.9,94.4,69.5,30.9,3.8,0.0,0.0,0.0
Maharashtra,2013,38.2,37.2,99.8,99.9,117.328,100.0,100.0,100.0,99.0,93.3,72.4,39.1,10.1,0.5,0.0,0.0
Maharashtra,2014,38.1,37.2,99.8,99.9,118.660,100.0,100.0,100.0,99.9,96.6,74.6,32.8,7.3,1.3,0.0,0.0
Maharashtra,2015,39.2,38.2,99.8,99.9,119.992,100.0,100.0,100.0,99.8,96.2,76.7,44.1,15.0,2.7,0.0,0.0
Maharashtra,2016,38.9,37.3,99.8,99.9,121.278,100.0,100.0,100.0,99.7,95.4,75.5,41.5,15.6,2.6,0.0,0.0
Maharashtra,2017,42.8,40.5,99.8,99.9,122.564,100.0,100.0,100.0,100.0,98.9,90.9,65.5,38.1,11.1,1.5,0.0
Maharashtra,2018,42.7,40.3,99.8,99.9,123.850,100.0,100.0,100.0,100.0,99.5,91.1,66.3,36.2,10.8,2.6,0.0
Maharashtra,2019,40.1,39.6,99.8,99.9,125.136,100.0,100.0,100.0,99.7,96.6,78.5,50.7,20.7,6.0,0.2,0.0
Maharashtra,2020,40.0,39.5,99.8,99.9,126.422,100.0,100.0,100.0,99.9,98.2,78.9,47.6,19.1,5.4,0.6,0.0
Maharashtra,2021,43.7,42.8,99.8,99.9,126.422,100.0,100.0,100.0,100.0,99.6,95.0,73.0,41.8,13.0,2.7,0.1
Maharashtra,2022,39.7,38.8,99.8,99.9,126.422,100.0,100.0,100.0,100.0,97.3,84.1,48.2,14.9,0.9,0.0,0.0
Manipur,1998,20.0,18.5,100.0,100.0,2.374,100.0,100.0,98.4,0.0,0.0,0.0,0.0,0.0,0.0,0.0,0.0
Manipur,1999,22.5,20.2,100.0,100.0,2.374,100.0,100.0,99.1,31.4,0.0,0.0,0.0,0.0,0.0,0.0,0.0
Manipur,2000,20.9,18.4,100.0,100.0,2.374,100.0,100.0,97.4,8.6,0.0,0.0,0.0,0.0,0.0,0.0,0.0
Manipur,2001,24.3,21.4,100.0,100.0,2.428,100.0,100.0,100.0,50.1,3.2,0.0,0.0,0.0,0.0,0.0,0.0
Manipur,2002,25.6,21.9,100.0,100.0,2.482,100.0,100.0,100.0,55.3,18.6,0.3,0.0,0.0,0.0,0.0,0.0
Manipur,2003,26.2,22.9,100.0,100.0,2.537,100.0,100.0,100.0,58.8,19.3,0.0,0.0,0.0,0.0,0.0,0.0
Manipur,2004,27.7,24.9,100.0,100.0,2.591,100.0,100.0,100.0,72.2,32.7,0.4,0.0,0.0,0.0,0.0,0.0
Manipur,2005,29.0,25.4,100.0,100.0,2.645,100.0,100.0,100.0,74.3,51.6,8.0,0.1,0.0,0.0,0.0,0.0
Manipur,2006,31.7,29.1,100.0,100.0,2.701,100.0,100.0,100.0,92.8,67.7,25.2,0.3,0.0,0.0,0.0,0.0
Manipur,2007,30.0,27.3,100.0,100.0,2.757,100.0,100.0,100.0,82.6,57.0,8.1,0.1,0.0,0.0,0.0,0.0
Manipur,2008,29.0,25.5,100.0,100.0,2.814,100.0,100.0,100.0,74.5,51.4,7.1,0.1,0.0,0.0,0.0,0.0
Manipur,2009,33.3,30.6,100.0,100.0,2.870,100.0,100.0,100.0,98.2,73.6,44.5,4.2,0.0,0.0,0.0,0.0
Manipur,2010,30.2,26.8,100.0,100.0,2.926,100.0,100.0,100.0,76.9,59.6,19.0,0.6,0.0,0.0,0.0,0.0
Manipur,2011,31.8,28.0,100.0,100.0,2.984,100.0,100.0,100.0,81.9,64.0,39.0,3.3,0.0,0.0,0.0,0.0
Manipur,2012,33.9,29.3,100.0,100.0,3.042,100.0,100.0,100.0,87.1,69.0,50.9,20.1,0.8,0.0,0.0,0.0
Manipur,2013,29.3,25.3,100.0,100.0,3.099,100.0,100.0,100.0,72.1,52.8,17.7,0.4,0.0,0.0,0.0,0.0
Manipur,2014,29.0,25.6,100.0,100.0,3.157,100.0,100.0,100.0,72.2,52.2,10.5,0.0,0.0,0.0,0.0,0.0
Manipur,2015,30.9,27.3,100.0,100.0,3.215,100.0,100.0,100.0,79.1,60.1,30.0,1.8,0.0,0.0,0.0,0.0
Manipur,2016,28.0,24.6,100.0,100.0,3.277,100.0,100.0,100.0,68.7,44.7,6.7,0.0,0.0,0.0,0.0,0.0
Manipur,2017,26.8,24.1,100.0,100.0,3.340,100.0,100.0,100.0,63.6,31.6,0.5,0.0,0.0,0.0,0.0,0.0
Manipur,2018,34.0,29.6,100.0,100.0,3.402,100.0,100.0,100.0,80.6,68.4,51.7,27.2,3.4,0.0,0.0,0.0
Manipur,2019,28.1,25.2,100.0,100.0,3.464,100.0,100.0,100.0,68.8,49.9,3.0,0.0,0.0,0.0,0.0,0.0
Manipur,2020,28.5,25.0,100.0,100.0,3.526,100.0,100.0,99.9,67.3,51.3,14.2,0.2,0.0,0.0,0.0,0.0
Manipur,2021,31.5,28.3,100.0,100.0,3.526,100.0,100.0,100.0,78.3,62.7,42.9,1.7,0.0,0.0,0.0,0.0
Manipur,2022,24.6,22.1,100.0,100.0,3.526,100.0,100.0,99.8,54.5,5.5,0.0,0.0,0.0,0.0,0.0,0.0
Meghalaya,1998,18.2,18.1,100.0,100.0,2.721,100.0,85.1,59.9,19.5,8.2,2.2,0.0,0.0,0.0,0.0,0.0
Meghalaya,1999,18.5,18.5,100.0,100.0,2.721,100.0,90.1,65.4,16.5,4.4,0.3,0.0,0.0,0.0,0.0,0.0
Meghalaya,2000,23.6,23.6,100.0,100.0,2.721,100.0,100.0,88.9,42.1,18.5,6.7,1.3,0.0,0.0,0.0,0.0
Meghalaya,2001,25.5,25.5,100.0,100.0,2.791,100.0,100.0,100.0,49.3,23.7,9.0,2.4,0.0,0.0,0.0,0.0
Meghalaya,2002,25.5,25.6,100.0,100.0,2.861,100.0,100.0,100.0,54.0,21.4,6.1,0.8,0.0,0.0,0.0,0.0
Meghalaya,2003,27.9,27.8,100.0,100.0,2.931,100.0,100.0,100.0,64.4,38.5,14.9,3.4,0.0,0.0,0.0,0.0
Meghalaya,2004,28.1,27.9,100.0,100.0,3.001,100.0,100.0,100.0,65.4,37.9,15.5,3.5,0.1,0.0,0.0,0.0
Meghalaya,2005,29.4,29.3,100.0,100.0,3.071,100.0,100.0,100.0,65.3,48.6,25.5,10.2,2.9,0.0,0.0,0.0
Meghalaya,2006,32.6,32.5,100.0,100.0,3.142,100.0,100.0,100.0,79.7,60.9,38.0,18.5,6.8,1.5,0.0,0.0
Meghalaya,2007,29.9,29.9,100.0,100.0,3.214,100.0,100.0,100.0,69.9,53.2,28.6,9.5,2.2,0.0,0.0,0.0
Meghalaya,2008,30.8,30.9,100.0,100.0,3.285,100.0,100.0,100.0,72.0,54.9,31.7,13.6,3.9,0.3,0.0,0.0
Meghalaya,2009,36.3,36.4,100.0,100.0,3.356,100.0,100.0,100.0,92.7,76.6,54.6,31.3,14.3,3.7,0.8,0.0
Meghalaya,2010,29.4,29.0,100.0,100.0,3.428,100.0,100.0,100.0,66.9,46.8,29.3,14.2,2.9,0.3,0.0,0.0
Meghalaya,2011,31.8,31.8,100.0,100.0,3.499,100.0,100.0,100.0,81.4,54.6,32.8,14.8,4.4,0.7,0.0,0.0
Meghalaya,2012,35.9,35.4,100.0,100.0,3.570,100.0,100.0,100.0,85.2,69.6,52.4,34.9,18.4,7.9,2.3,0.5
Meghalaya,2013,29.3,29.0,100.0,100.0,3.642,100.0,100.0,99.2,64.7,44.7,28.5,12.4,4.9,1.7,0.3,0.0
Meghalaya,2014,30.8,30.4,100.0,100.0,3.713,100.0,100.0,100.0,69.6,50.1,33.2,17.3,7.0,1.7,0.3,0.0
Meghalaya,2015,31.2,31.4,100.0,100.0,3.784,100.0,100.0,100.0,75.3,55.2,33.4,12.0,4.1,0.3,0.0,0.0
Meghalaya,2016,28.3,28.4,100.0,100.0,3.858,100.0,100.0,100.0,65.0,39.9,16.4,5.6,0.2,0.0,0.0,0.0
Meghalaya,2017,30.6,30.3,100.0,100.0,3.931,100.0,100.0,100.0,71.5,51.1,30.8,14.2,4.4,0.6,0.0,0.0
Meghalaya,2018,36.3,36.1,100.0,100.0,4.004,100.0,100.0,100.0,85.5,69.2,52.4,34.4,20.0,10.4,4.1,1.0
Meghalaya,2019,32.6,32.5,100.0,100.0,4.078,100.0,100.0,100.0,74.2,59.5,40.6,22.9,9.8,3.3,0.3,0.0
Meghalaya,2020,34.0,34.0,100.0,100.0,4.151,100.0,100.0,100.0,79.5,63.4,44.3,26.5,14.4,6.2,2.0,0.0
Meghalaya,2021,35.5,35.6,100.0,100.0,4.151,100.0,100.0,100.0,83.2,69.8,55.3,35.1,16.9,6.3,0.9,0.0
Meghalaya,2022,25.1,24.9,100.0,100.0,4.151,100.0,100.0,95.2,44.0,24.9,12.9,3.7,0.9,0.0,0.0,0.0
Mizoram,1998,26.3,26.9,100.0,100.0,0.947,100.0,100.0,99.7,60.5,21.0,3.6,0.0,0.0,0.0,0.0,0.0
Mizoram,1999,27.4,28.2,100.0,100.0,0.947,100.0,100.0,99.9,64.7,26.1,11.3,1.3,0.0,0.0,0.0,0.0
Mizoram,2000,27.3,27.8,100.0,100.0,0.947,100.0,100.0,99.8,65.9,27.2,9.1,1.2,0.0,0.0,0.0,0.0
Mizoram,2001,29.2,29.8,100.0,100.0,0.968,100.0,100.0,99.9,76.2,37.6,16.9,6.4,1.3,0.0,0.0,0.0
Mizoram,2002,29.0,29.4,100.0,100.0,0.989,100.0,100.0,99.8,77.5,38.5,14.9,5.2,0.7,0.0,0.0,0.0
Mizoram,2003,31.5,31.8,100.0,100.0,1.011,100.0,100.0,100.0,89.6,57.0,23.6,8.3,1.4,0.0,0.0,0.0
Mizoram,2004,33.0,33.4,100.0,100.0,1.032,100.0,100.0,100.0,96.5,72.0,30.5,11.1,1.3,0.0,0.0,0.0
Mizoram,2005,32.6,33.3,100.0,100.0,1.053,100.0,100.0,100.0,92.0,65.0,31.8,11.7,2.4,0.0,0.0,0.0
Mizoram,2006,40.0,40.4,100.0,100.0,1.075,100.0,100.0,100.0,99.9,97.5,83.4,50.2,16.9,2.7,0.0,0.0
Mizoram,2007,36.6,36.9,100.0,100.0,1.096,100.0,100.0,100.0,97.4,86.9,61.5,27.6,7.5,1.0,0.0,0.0
Mizoram,2008,34.1,34.3,100.0,100.0,1.117,100.0,100.0,100.0,94.2,77.9,43.7,14.5,3.1,0.2,0.0,0.0
Mizoram,2009,39.7,40.0,100.0,100.0,1.139,100.0,100.0,100.0,100.0,96.0,79.2,45.2,17.9,5.2,0.6,0.0
Mizoram,2010,36.5,36.5,100.0,100.0,1.160,100.0,100.0,100.0,99.0,88.7,62.3,24.9,5.9,0.1,0.0,0.0
Mizoram,2011,37.3,37.6,100.0,100.0,1.180,100.0,100.0,100.0,98.4,88.8,64.5,33.2,11.2,1.6,0.0,0.0
Mizoram,2012,36.6,37.1,100.0,100.0,1.201,100.0,100.0,100.0,98.3,87.8,63.5,26.7,7.6,0.9,0.0,0.0
Mizoram,2013,30.9,30.9,100.0,100.0,1.222,100.0,100.0,100.0,89.3,61.8,17.0,3.2,0.0,0.0,0.0,0.0
Mizoram,2014,34.0,34.2,100.0,100.0,1.243,100.0,100.0,100.0,92.9,73.9,38.8,17.7,8.9,0.5,0.0,0.0
Mizoram,2015,33.9,33.9,100.0,100.0,1.263,100.0,100.0,100.0,95.3,78.8,39.3,13.4,2.6,0.1,0.0,0.0
Mizoram,2016,31.4,31.3,100.0,100.0,1.284,100.0,100.0,100.0,92.1,63.1,19.8,4.4,0.1,0.0,0.0,0.0
Mizoram,2017,28.6,28.7,100.0,100.0,1.305,100.0,100.0,100.0,79.4,33.8,10.8,0.1,0.0,0.0,0.0,0.0
Mizoram,2018,36.1,36.1,100.0,100.0,1.326,100.0,100.0,100.0,97.1,85.1,61.4,22.5,5.5,0.4,0.0,0.0
Mizoram,2019,31.6,32.0,100.0,100.0,1.347,100.0,100.0,100.0,92.0,62.1,22.5,7.8,0.2,0.0,0.0,0.0
Mizoram,2020,34.4,34.6,100.0,100.0,1.367,100.0,100.0,100.0,92.1,75.2,46.8,19.5,7.1,0.1,0.0,0.0
Mizoram,2021,38.7,38.9,100.0,100.0,1.367,100.0,100.0,100.0,98.9,90.5,73.0,38.5,18.1,5.2,0.1,0.0
Mizoram,2022,28.4,28.8,100.0,100.0,1.367,100.0,100.0,100.0,73.7,25.9,13.7,4.9,0.1,0.0,0.0,0.0
Nagaland,1998,21.2,21.3,100.0,100.0,2.061,100.0,100.0,100.0,0.0,0.0,0.0,0.0,0.0,0.0,0.0,0.0
Nagaland,1999,22.4,22.4,100.0,100.0,2.061,100.0,100.0,100.0,5.0,0.0,0.0,0.0,0.0,0.0,0.0,0.0
Nagaland,2000,21.2,20.8,100.0,100.0,2.061,100.0,100.0,100.0,4.2,0.0,0.0,0.0,0.0,0.0,0.0,0.0
Nagaland,2001,23.3,22.9,100.0,100.0,2.056,100.0,100.0,100.0,19.5,0.0,0.0,0.0,0.0,0.0,0.0,0.0
Nagaland,2002,22.2,21.9,100.0,100.0,2.051,100.0,100.0,100.0,2.7,0.0,0.0,0.0,0.0,0.0,0.0,0.0
Nagaland,2003,24.2,23.8,100.0,100.0,2.046,100.0,100.0,100.0,38.5,0.0,0.0,0.0,0.0,0.0,0.0,0.0
Nagaland,2004,24.4,24.0,100.0,100.0,2.042,100.0,100.0,100.0,33.1,0.0,0.0,0.0,0.0,0.0,0.0,0.0
Nagaland,2005,24.5,24.1,100.0,100.0,2.037,100.0,100.0,100.0,42.1,0.1,0.0,0.0,0.0,0.0,0.0,0.0
Nagaland,2006,28.4,28.1,100.0,100.0,2.033,100.0,100.0,100.0,97.0,23.1,0.0,0.0,0.0,0.0,0.0,0.0
Nagaland,2007,27.0,26.4,100.0,100.0,2.030,100.0,100.0,100.0,68.4,17.2,0.0,0.0,0.0,0.0,0.0,0.0
Nagaland,2008,25.4,24.9,100.0,100.0,2.026,100.0,100.0,100.0,53.8,2.3,0.0,0.0,0.0,0.0,0.0,0.0
Nagaland,2009,33.0,32.1,100.0,100.0,2.023,100.0,100.0,100.0,99.5,74.6,32.5,2.9,0.0,0.0,0.0,0.0
Nagaland,2010,26.7,25.9,100.0,100.0,2.019,100.0,100.0,100.0,58.7,24.0,0.7,0.0,0.0,0.0,0.0,0.0
Nagaland,2011,27.2,26.4,100.0,100.0,2.016,100.0,100.0,100.0,69.5,26.5,0.1,0.0,0.0,0.0,0.0,0.0
Nagaland,2012,29.3,28.3,100.0,100.0,2.012,100.0,100.0,100.0,86.7,39.2,11.9,0.0,0.0,0.0,0.0,0.0
Nagaland,2013,24.6,23.7,100.0,100.0,2.009,100.0,100.0,100.0,39.8,12.7,0.0,0.0,0.0,0.0,0.0,0.0
Nagaland,2014,25.8,24.7,100.0,100.0,2.005,100.0,100.0,100.0,46.5,23.0,0.6,0.0,0.0,0.0,0.0,0.0
Nagaland,2015,25.9,25.0,100.0,100.0,2.002,100.0,100.0,100.0,52.4,17.6,0.0,0.0,0.0,0.0,0.0,0.0
Nagaland,2016,23.5,22.6,100.0,100.0,1.999,100.0,100.0,100.0,30.5,3.9,0.0,0.0,0.0,0.0,0.0,0.0
Nagaland,2017,24.2,23.1,100.0,100.0,1.997,100.0,100.0,100.0,35.7,14.0,0.0,0.0,0.0,0.0,0.0,0.0
Nagaland,2018,27.3,25.8,100.0,100.0,1.994,100.0,100.0,100.0,62.3,28.0,11.6,0.0,0.0,0.0,0.0,0.0
Nagaland,2019,25.4,24.2,100.0,100.0,1.991,100.0,100.0,100.0,44.7,21.7,0.0,0.0,0.0,0.0,0.0,0.0
Nagaland,2020,25.5,24.2,100.0,100.0,1.989,100.0,100.0,100.0,49.1,23.9,0.0,0.0,0.0,0.0,0.0,0.0
Nagaland,2021,28.0,27.0,100.0,100.0,1.989,100.0,100.0,100.0,71.2,35.5,2.1,0.0,0.0,0.0,0.0,0.0
Nagaland,2022,21.5,20.8,100.0,100.0,1.989,100.0,100.0,100.0,21.4,0.0,0.0,0.0,0.0,0.0,0.0,0.0
NCT of Delhi,1998,72.0,70.8,100.0,100.0,13.397,100.0,100.0,100.0,100.0,100.0,100.0,100.0,100.0,100.0,100.0,95.3
NCT of Delhi,1999,70.4,69.5,100.0,100.0,13.397,100.0,100.0,100.0,100.0,100.0,100.0,100.0,100.0,100.0,100.0,94.1
NCT of Delhi,2000,79.0,78.2,100.0,100.0,13.397,100.0,100.0,100.0,100.0,100.0,100.0,100.0,100.0,100.0,100.0,100.0
NCT of Delhi,2001,82.2,81.4,100.0,100.0,13.670,100.0,100.0,100.0,100.0,100.0,100.0,100.0,100.0,100.0,100.0,100.0
NCT of Delhi,2002,88.3,88.0,100.0,100.0,13.943,100.0,100.0,100.0,100.0,100.0,100.0,100.0,100.0,100.0,100.0,100.0
NCT of Delhi,2003,98.5,97.1,100.0,100.0,14.216,100.0,100.0,100.0,100.0,100.0,100.0,100.0,100.0,100.0,100.0,100.0
NCT of Delhi,2004,92.5,91.7,100.0,100.0,14.489,100.0,100.0,100.0,100.0,100.0,100.0,100.0,100.0,100.0,100.0,100.0
NCT of Delhi,2005,88.5,87.5,100.0,100.0,14.762,100.0,100.0,100.0,100.0,100.0,100.0,100.0,100.0,100.0,100.0,100.0
NCT of Delhi,2006,84.1,83.6,100.0,100.0,15.033,100.0,100.0,100.0,100.0,100.0,100.0,100.0,100.0,100.0,100.0,100.0
NCT of Delhi,2007,92.2,91.7,100.0,100.0,15.305,100.0,100.0,100.0,100.0,100.0,100.0,100.0,100.0,100.0,100.0,100.0
NCT of Delhi,2008,102.3,101.2,100.0,100.0,15.576,100.0,100.0,100.0,100.0,100.0,100.0,100.0,100.0,100.0,100.0,100.0
NCT of Delhi,2009,94.4,93.3,100.0,100.0,15.848,100.0,100.0,100.0,100.0,100.0,100.0,100.0,100.0,100.0,100.0,100.0
NCT of Delhi,2010,113.8,112.8,100.0,100.0,16.119,100.0,100.0,100.0,100.0,100.0,100.0,100.0,100.0,100.0,100.0,100.0
NCT of Delhi,2011,119.7,118.1,100.0,100.0,16.382,100.0,100.0,100.0,100.0,100.0,100.0,100.0,100.0,100.0,100.0,100.0
NCT of Delhi,2012,101.8,100.6,100.0,100.0,16.645,100.0,100.0,100.0,100.0,100.0,100.0,100.0,100.0,100.0,100.0,100.0
NCT of Delhi,2013,102.6,100.8,100.0,100.0,16.908,100.0,100.0,100.0,100.0,100.0,100.0,100.0,100.0,100.0,100.0,100.0
NCT of Delhi,2014,98.8,97.2,100.0,100.0,17.171,100.0,100.0,100.0,100.0,100.0,100.0,100.0,100.0,100.0,100.0,100.0
NCT of Delhi,2015,100.6,99.0,100.0,100.0,17.434,100.0,100.0,100.0,100.0,100.0,100.0,100.0,100.0,100.0,100.0,100.0
NCT of Delhi,2016,117.1,115.7,100.0,100.0,17.699,100.0,100.0,100.0,100.0,100.0,100.0,100.0,100.0,100.0,100.0,100.0
NCT of Delhi,2017,114.4,112.5,100.0,100.0,17.964,100.0,100.0,100.0,100.0,100.0,100.0,100.0,100.0,100.0,100.0,100.0
NCT of Delhi,2018,113.8,111.7,100.0,100.0,18.229,100.0,100.0,100.0,100.0,100.0,100.0,100.0,100.0,100.0,100.0,100.0
NCT of Delhi,2019,105.3,103.7,100.0,100.0,18.494,100.0,100.0,100.0,100.0,100.0,100.0,100.0,100.0,100.0,100.0,100.0
NCT of Delhi,2020,97.7,96.7,100.0,100.0,18.759,100.0,100.0,100.0,100.0,100.0,100.0,100.0,100.0,100.0,100.0,100.0
NCT of Delhi,2021,106.6,105.4,100.0,100.0,18.759,100.0,100.0,100.0,100.0,100.0,100.0,100.0,100.0,100.0,100.0,100.0
NCT of Delhi,2022,99.1,98.2,100.0,100.0,18.759,100.0,100.0,100.0,100.0,100.0,100.0,100.0,100.0,100.0,100.0,100.0
Odisha,1998,22.9,22.6,100.0,99.4,37.930,100.0,99.6,94.3,29.6,11.4,4.2,0.7,0.0,0.0,0.0,0.0
Odisha,1999,25.0,24.2,100.0,99.4,37.930,100.0,100.0,96.2,46.8,18.8,5.8,1.0,0.0,0.0,0.0,0.0
Odisha,2000,25.3,24.7,100.0,99.4,37.930,100.0,100.0,98.0,53.9,19.1,2.7,0.0,0.0,0.0,0.0,0.0
Odisha,2001,29.0,29.1,100.0,99.4,38.464,100.0,100.0,99.8,75.9,37.8,17.3,3.9,0.0,0.0,0.0,0.0
Odisha,2002,30.4,30.3,100.0,99.4,38.997,100.0,100.0,99.9,82.6,50.9,22.2,6.1,0.2,0.0,0.0,0.0
Odisha,2003,31.3,31.3,100.0,99.4,39.531,100.0,100.0,100.0,85.6,55.0,26.8,9.0,1.0,0.0,0.0,0.0
Odisha,2004,33.2,33.0,100.0,99.4,40.065,100.0,100.0,100.0,88.2,72.3,33.5,16.0,4.7,0.2,0.0,0.0
Odisha,2005,33.3,33.1,100.0,99.4,40.599,100.0,100.0,100.0,90.4,74.7,35.2,15.1,3.0,0.1,0.0,0.0
Odisha,2006,35.6,34.6,100.0,99.4,41.076,100.0,100.0,100.0,95.4,82.1,61.0,21.8,5.1,0.4,0.0,0.0
Odisha,2007,37.0,36.6,100.0,99.4,41.553,100.0,100.0,100.0,96.8,84.3,63.3,28.9,15.0,3.8,0.4,0.0
Odisha,2008,42.5,41.5,100.0,99.4,42.030,100.0,100.0,100.0,98.7,95.3,83.8,68.3,33.6,15.4,4.5,0.7
Odisha,2009,40.1,38.9,100.0,99.4,42.507,100.0,100.0,100.0,97.9,93.6,77.3,50.5,25.1,8.7,1.0,0.0
Odisha,2010,37.2,36.4,100.0,99.4,42.985,100.0,100.0,100.0,95.9,84.0,66.2,34.0,13.7,1.8,0.0,0.0
Odisha,2011,42.2,41.4,100.0,99.4,43.388,100.0,100.0,100.0,99.0,95.3,83.0,61.6,34.0,16.8,5.5,0.9
Odisha,2012,38.5,37.4,100.0,99.4,43.792,100.0,100.0,100.0,96.8,87.9,72.2,37.0,18.8,6.2,1.0,0.1
Odisha,2013,40.1,39.1,100.0,99.4,44.196,100.0,100.0,100.0,97.1,88.2,76.3,50.2,24.7,13.7,3.5,0.2
Odisha,2014,43.0,41.6,100.0,99.4,44.600,100.0,100.0,100.0,98.8,95.5,84.3,70.5,38.6,17.2,5.7,0.8
Odisha,2015,41.8,41.4,100.0,99.4,45.004,100.0,100.0,100.0,98.8,93.6,82.0,61.1,29.8,16.9,5.5,0.6
Odisha,2016,40.3,39.3,100.0,99.4,45.365,100.0,100.0,100.0,96.8,87.4,75.7,50.2,24.2,14.4,5.6,1.1
Odisha,2017,42.0,40.7,100.0,99.4,45.726,100.0,100.0,100.0,98.3,94.4,83.0,62.8,30.7,15.7,5.0,1.0
Odisha,2018,42.9,41.5,100.0,99.4,46.087,100.0,100.0,100.0,99.3,95.6,84.8,68.2,36.5,17.3,5.0,0.9
Odisha,2019,42.3,41.0,100.0,99.4,46.448,100.0,100.0,100.0,98.8,95.3,85.0,65.0,31.2,15.9,4.9,1.0
Odisha,2020,42.7,41.2,100.0,99.4,46.810,100.0,100.0,100.0,97.3,92.9,82.0,69.6,32.0,18.8,8.7,2.9
Odisha,2021,44.2,43.3,100.0,99.4,46.810,100.0,100.0,100.0,99.4,96.0,85.4,71.4,39.8,22.4,13.4,4.8
Odisha,2022,34.9,34.7,100.0,99.4,46.810,100.0,100.0,100.0,95.3,78.2,37.9,21.9,13.7,4.2,0.6,0.0
Puducherry,1998,17.3,17.8,100.0,100.0,0.837,100.0,91.8,74.4,0.0,0.0,0.0,0.0,0.0,0.0,0.0,0.0
Puducherry,1999,19.9,20.2,100.0,100.0,0.837,100.0,94.2,74.4,4.3,0.0,0.0,0.0,0.0,0.0,0.0,0.0
Puducherry,2000,20.9,21.3,100.0,100.0,0.837,100.0,100.0,74.4,8.2,0.0,0.0,0.0,0.0,0.0,0.0,0.0
Puducherry,2001,22.3,22.5,100.0,100.0,0.853,100.0,100.0,75.7,49.8,0.0,0.0,0.0,0.0,0.0,0.0,0.0
Puducherry,2002,21.9,22.2,100.0,100.0,0.869,100.0,100.0,76.6,26.5,0.0,0.0,0.0,0.0,0.0,0.0,0.0
Puducherry,2003,23.0,23.0,100.0,100.0,0.884,100.0,100.0,99.1,53.7,0.0,0.0,0.0,0.0,0.0,0.0,0.0
Puducherry,2004,23.6,23.4,100.0,100.0,0.900,100.0,100.0,99.8,59.2,0.0,0.0,0.0,0.0,0.0,0.0,0.0
Puducherry,2005,25.6,25.2,100.0,100.0,0.916,100.0,100.0,96.2,75.4,6.7,0.0,0.0,0.0,0.0,0.0,0.0
Puducherry,2006,24.1,24.0,100.0,100.0,0.931,100.0,100.0,100.0,72.1,0.1,0.0,0.0,0.0,0.0,0.0,0.0
Puducherry,2007,26.3,26.1,100.0,100.0,0.947,100.0,100.0,100.0,76.6,1.3,0.0,0.0,0.0,0.0,0.0,0.0
Puducherry,2008,26.2,26.1,100.0,100.0,0.962,100.0,100.0,100.0,76.9,2.7,0.0,0.0,0.0,0.0,0.0,0.0
Puducherry,2009,26.7,26.5,100.0,100.0,0.977,100.0,100.0,100.0,77.2,10.3,0.0,0.0,0.0,0.0,0.0,0.0
Puducherry,2010,25.2,25.0,100.0,100.0,0.993,100.0,100.0,100.0,77.5,0.0,0.0,0.0,0.0,0.0,0.0,0.0
Puducherry,2011,24.8,24.7,100.0,100.0,1.007,100.0,100.0,100.0,72.5,1.1,0.0,0.0,0.0,0.0,0.0,0.0
Puducherry,2012,25.4,25.1,100.0,100.0,1.022,100.0,100.0,100.0,77.4,1.1,0.0,0.0,0.0,0.0,0.0,0.0
Puducherry,2013,24.3,24.3,100.0,100.0,1.037,100.0,100.0,100.0,75.6,1.1,0.0,0.0,0.0,0.0,0.0,0.0
Puducherry,2014,27.0,27.1,100.0,100.0,1.052,100.0,100.0,100.0,78.7,10.5,0.9,0.0,0.0,0.0,0.0,0.0
Puducherry,2015,22.1,22.2,100.0,100.0,1.066,100.0,100.0,100.0,2.3,0.0,0.0,0.0,0.0,0.0,0.0,0.0
Puducherry,2016,27.1,26.6,100.0,100.0,1.081,100.0,100.0,100.0,79.3,17.7,0.0,0.0,0.0,0.0,0.0,0.0
Puducherry,2017,27.6,27.4,100.0,100.0,1.096,100.0,100.0,100.0,79.6,18.0,0.4,0.0,0.0,0.0,0.0,0.0
Puducherry,2018,29.8,29.5,100.0,100.0,1.111,100.0,100.0,100.0,79.9,70.4,1.4,0.0,0.0,0.0,0.0,0.0
Puducherry,2019,24.4,24.2,100.0,100.0,1.126,100.0,100.0,100.0,68.1,0.0,0.0,0.0,0.0,0.0,0.0,0.0
Puducherry,2020,23.6,23.7,100.0,100.0,1.140,100.0,100.0,100.0,19.8,1.0,0.0,0.0,0.0,0.0,0.0,0.0
Puducherry,2021,25.6,25.3,100.0,100.0,1.140,100.0,100.0,100.0,60.0,2.2,0.0,0.0,0.0,0.0,0.0,0.0
Puducherry,2022,24.6,24.3,100.0,100.0,1.140,100.0,100.0,100.0,56.2,0.0,0.0,0.0,0.0,0.0,0.0,0.0
Punjab,1998,40.0,40.1,100.0,100.0,25.076,100.0,100.0,100.0,97.0,92.1,85.5,67.6,5.3,0.0,0.0,0.0
Punjab,1999,40.7,41.0,100.0,100.0,25.076,100.0,100.0,100.0,96.6,91.4,84.8,70.7,23.7,0.0,0.0,0.0
Punjab,2000,47.1,47.3,100.0,100.0,25.076,100.0,100.0,100.0,99.1,97.8,93.4,86.6,75.2,38.3,1.1,0.0
Punjab,2001,49.3,49.6,100.0,100.0,25.425,100.0,100.0,100.0,99.6,98.4,94.5,87.7,79.1,62.0,15.8,0.7
Punjab,2002,52.8,53.4,100.0,100.0,25.775,100.0,100.0,100.0,99.5,98.5,95.1,89.3,83.8,73.7,50.2,13.1
Punjab,2003,56.8,57.4,100.0,100.0,26.124,100.0,100.0,100.0,99.8,98.8,97.1,93.3,87.2,80.9,68.2,47.1
Punjab,2004,57.7,58.0,100.0,100.0,26.474,100.0,100.0,100.0,99.7,98.9,97.4,93.8,88.8,83.4,74.2,52.8
Punjab,2005,55.6,55.7,100.0,100.0,26.823,100.0,100.0,100.0,99.7,99.0,97.6,93.5,87.5,82.0,66.4,32.2
Punjab,2006,54.3,54.6,100.0,100.0,27.137,100.0,100.0,100.0,99.8,98.9,97.2,92.7,86.2,78.7,63.2,20.0
Punjab,2007,57.8,58.1,100.0,100.0,27.450,100.0,100.0,100.0,100.0,99.2,98.3,94.7,88.5,83.1,73.7,55.1
Punjab,2008,62.5,62.5,100.0,100.0,27.763,100.0,100.0,100.0,99.9,99.3,98.6,96.9,93.7,88.8,83.4,73.0
Punjab,2009,58.8,58.8,100.0,100.0,28.076,100.0,100.0,100.0,99.8,99.1,98.1,94.8,90.5,84.9,76.9,56.3
Punjab,2010,67.0,67.8,100.0,100.0,28.389,100.0,100.0,100.0,100.0,99.4,98.8,97.1,94.1,90.4,84.8,77.9
Punjab,2011,66.8,66.7,100.0,100.0,28.656,100.0,100.0,100.0,100.0,99.5,99.0,97.8,94.7,91.7,86.8,78.5
Punjab,2012,60.9,60.8,100.0,100.0,28.922,100.0,100.0,100.0,100.0,99.4,98.8,97.2,94.0,90.4,84.4,60.0
Punjab,2013,62.2,61.8,100.0,100.0,29.189,100.0,100.0,100.0,100.0,99.7,99.1,97.7,93.9,90.3,84.4,71.7
Punjab,2014,60.4,60.2,100.0,100.0,29.455,100.0,100.0,100.0,100.0,99.6,99.0,96.9,93.0,89.4,82.1,67.2
Punjab,2015,63.9,63.7,100.0,100.0,29.722,100.0,100.0,100.0,100.0,99.7,99.2,98.2,95.0,91.5,86.9,78.6
Punjab,2016,69.3,68.7,100.0,100.0,29.962,100.0,100.0,100.0,100.0,99.9,99.6,99.2,98.4,95.9,92.5,86.2
Punjab,2017,65.9,65.3,100.0,100.0,30.201,100.0,100.0,100.0,100.0,99.7,99.2,98.4,96.2,92.8,89.3,81.0
Punjab,2018,68.4,68.0,100.0,100.0,30.441,100.0,100.0,100.0,100.0,99.9,99.4,99.1,98.0,94.7,90.7,83.7
Punjab,2019,60.7,60.2,100.0,100.0,30.681,100.0,100.0,100.0,100.0,99.5,99.0,97.4,94.0,90.8,83.7,66.2
Punjab,2020,61.9,61.5,100.0,100.0,30.921,100.0,100.0,100.0,100.0,99.6,99.1,98.0,94.7,90.5,84.1,73.1
Punjab,2021,67.5,67.3,100.0,100.0,30.921,100.0,100.0,100.0,100.0,99.9,99.4,98.9,97.5,93.9,88.8,83.3
Punjab,2022,62.0,61.6,100.0,100.0,30.921,100.0,100.0,100.0,100.0,99.7,99.3,98.5,94.7,91.3,86.0,74.8
Rajasthan,1998,41.1,42.0,100.0,100.0,57.866,100.0,100.0,100.0,97.4,86.9,72.6,52.9,34.2,16.4,8.7,3.2
Rajasthan,1999,42.7,43.9,100.0,100.0,57.866,100.0,100.0,100.0,98.2,90.5,79.1,61.5,40.8,21.1,10.1,4.1
Rajasthan,2000,43.2,44.7,100.0,100.0,57.866,100.0,100.0,100.0,98.8,92.8,80.8,63.0,44.2,21.9,9.0,3.5
Rajasthan,2001,48.8,49.9,100.0,100.0,59.062,100.0,100.0,100.0,100.0,99.6,91.7,82.6,68.7,46.9,23.1,9.8
Rajasthan,2002,53.8,54.9,100.0,100.0,60.258,100.0,100.0,100.0,100.0,100.0,98.0,88.4,80.7,67.7,48.1,26.6
Rajasthan,2003,55.3,55.9,100.0,100.0,61.454,100.0,100.0,100.0,100.0,100.0,99.8,92.9,84.7,75.3,54.8,30.6
Rajasthan,2004,54.4,56.0,100.0,100.0,62.651,100.0,100.0,100.0,100.0,100.0,99.6,91.2,83.2,70.7,49.6,26.1
Rajasthan,2005,52.0,52.9,100.0,100.0,63.847,100.0,100.0,100.0,100.0,100.0,98.5,89.0,78.2,61.4,39.9,14.4
Rajasthan,2006,53.4,55.0,100.0,100.0,65.021,100.0,100.0,100.0,100.0,100.0,99.9,93.9,82.7,68.2,45.1,19.6
Rajasthan,2007,52.8,53.1,100.0,100.0,66.195,100.0,100.0,100.0,100.0,100.0,99.4,90.7,79.7,63.0,44.8,17.2
Rajasthan,2008,56.9,56.5,100.0,100.0,67.369,100.0,100.0,100.0,100.0,100.0,100.0,98.8,90.6,75.3,56.7,36.2
Rajasthan,2009,56.3,57.3,100.0,100.0,68.543,100.0,100.0,100.0,100.0,100.0,100.0,97.8,87.7,76.3,57.7,35.6
Rajasthan,2010,59.3,59.0,100.0,100.0,69.717,100.0,100.0,100.0,100.0,100.0,99.9,97.5,88.2,80.3,72.1,51.9
Rajasthan,2011,58.0,56.7,100.0,100.0,70.837,100.0,100.0,100.0,100.0,100.0,100.0,99.5,93.9,84.5,62.3,36.7
Rajasthan,2012,59.2,59.2,100.0,100.0,71.958,100.0,100.0,100.0,100.0,100.0,100.0,99.9,97.0,88.6,68.0,44.6
Rajasthan,2013,56.8,56.4,100.0,100.0,73.078,100.0,100.0,100.0,100.0,100.0,99.9,97.5,89.9,80.9,59.3,35.7
Rajasthan,2014,54.9,55.4,100.0,100.0,74.198,100.0,100.0,100.0,100.0,100.0,100.0,97.6,87.6,72.4,52.8,24.8
Rajasthan,2015,58.2,59.8,100.0,100.0,75.318,100.0,100.0,100.0,100.0,100.0,99.9,97.3,88.0,78.2,66.2,46.1
Rajasthan,2016,55.6,54.7,100.0,100.0,76.429,100.0,100.0,100.0,100.0,100.0,99.6,94.3,84.6,73.0,51.3,27.8
Rajasthan,2017,57.1,56.4,100.0,100.0,77.541,100.0,100.0,100.0,100.0,100.0,99.9,99.0,93.0,78.7,54.2,30.9
Rajasthan,2018,60.1,61.2,100.0,100.0,78.652,100.0,100.0,100.0,100.0,100.0,100.0,99.6,92.9,83.5,67.0,47.4
Rajasthan,2019,58.1,56.1,100.0,100.0,79.763,100.0,100.0,100.0,100.0,100.0,100.0,98.9,93.5,77.8,56.9,35.3
Rajasthan,2020,55.2,53.9,100.0,100.0,80.874,100.0,100.0,100.0,100.0,100.0,99.7,95.8,85.8,67.7,46.6,27.5
Rajasthan,2021,59.2,57.9,100.0,100.0,80.874,100.0,100.0,100.0,100.0,100.0,100.0,99.4,95.0,82.5,67.0,43.7
Rajasthan,2022,54.2,54.4,100.0,100.0,80.874,100.0,100.0,100.0,100.0,100.0,99.9,97.4,86.1,64.5,45.3,22.3
Sikkim,1998,23.2,19.8,100.0,100.0,0.547,100.0,100.0,93.3,50.2,0.0,0.0,0.0,0.0,0.0,0.0,0.0
Sikkim,1999,23.8,20.3,100.0,100.0,0.547,100.0,100.0,93.7,55.6,0.0,0.0,0.0,0.0,0.0,0.0,0.0
Sikkim,2000,31.3,28.5,100.0,100.0,0.547,100.0,100.0,100.0,82.8,68.4,37.6,0.0,0.0,0.0,0.0,0.0
Sikkim,2001,35.2,32.9,100.0,100.0,0.554,100.0,100.0,100.0,86.6,76.6,57.1,37.1,0.0,0.0,0.0,0.0
Sikkim,2002,33.9,30.8,100.0,100.0,0.561,100.0,100.0,100.0,85.7,74.9,49.6,25.8,0.0,0.0,0.0,0.0
Sikkim,2003,35.8,31.9,100.0,100.0,0.568,100.0,100.0,100.0,88.8,78.7,53.5,41.3,0.7,0.0,0.0,0.0
Sikkim,2004,35.0,30.8,100.0,100.0,0.575,100.0,100.0,100.0,85.4,75.6,48.4,36.8,7.4,0.0,0.0,0.0
Sikkim,2005,35.2,30.7,100.0,100.0,0.582,100.0,100.0,100.0,90.9,73.1,51.0,36.5,4.1,0.0,0.0,0.0
Sikkim,2006,36.2,31.1,100.0,100.0,0.589,100.0,100.0,100.0,92.1,68.6,53.2,41.7,18.3,0.1,0.0,0.0
Sikkim,2007,36.9,30.0,100.0,100.0,0.595,100.0,100.0,100.0,90.7,69.8,54.4,44.9,28.4,0.0,0.0,0.0
Sikkim,2008,37.2,31.8,100.0,100.0,0.601,100.0,100.0,100.0,90.9,79.1,54.9,45.7,27.5,0.0,0.0,0.0
Sikkim,2009,42.2,36.4,100.0,100.0,0.607,100.0,100.0,100.0,97.3,89.0,71.5,54.9,45.5,31.0,5.3,0.0
Sikkim,2010,36.8,33.6,100.0,100.0,0.613,100.0,100.0,100.0,93.7,82.9,55.0,42.9,13.4,0.0,0.0,0.0
Sikkim,2011,39.5,35.6,100.0,100.0,0.619,100.0,100.0,100.0,93.1,84.5,64.6,49.0,37.9,10.1,0.0,0.0
Sikkim,2012,38.4,35.2,100.0,100.0,0.624,100.0,100.0,100.0,95.8,88.1,65.7,48.9,22.2,0.0,0.0,0.0
Sikkim,2013,35.4,31.7,100.0,100.0,0.629,100.0,100.0,100.0,91.1,79.6,51.2,37.1,0.0,0.0,0.0,0.0
Sikkim,2014,39.8,35.6,100.0,100.0,0.634,100.0,100.0,100.0,92.6,84.5,73.8,49.3,40.0,10.7,0.0,0.0
Sikkim,2015,41.6,37.4,100.0,100.0,0.639,100.0,100.0,100.0,94.4,86.0,77.4,58.7,44.3,26.6,0.0,0.0
Sikkim,2016,38.3,34.2,100.0,100.0,0.643,100.0,100.0,100.0,88.0,80.5,59.2,46.9,35.9,3.5,0.0,0.0
Sikkim,2017,38.6,31.9,100.0,100.0,0.648,100.0,100.0,100.0,90.5,82.0,56.1,48.4,38.0,12.4,0.0,0.0
Sikkim,2018,42.4,36.0,100.0,100.0,0.652,100.0,100.0,100.0,98.4,89.5,79.2,53.9,45.3,30.0,3.3,0.0
Sikkim,2019,39.2,31.7,100.0,100.0,0.657,100.0,100.0,100.0,90.9,82.2,61.4,47.1,37.5,16.2,0.0,0.0
Sikkim,2020,39.5,31.9,100.0,100.0,0.661,100.0,100.0,100.0,91.0,81.8,57.6,50.5,42.8,22.4,0.0,0.0
Sikkim,2021,39.1,33.4,100.0,100.0,0.661,100.0,100.0,100.0,89.6,80.3,60.2,48.0,38.8,17.6,0.0,0.0
Sikkim,2022,34.4,29.1,100.0,100.0,0.661,100.0,100.0,100.0,81.9,64.2,48.5,39.4,13.4,0.0,0.0,0.0
Tamil Nadu,1998,18.2,17.5,100.0,100.0,64.266,100.0,97.5,84.2,0.0,0.0,0.0,0.0,0.0,0.0,0.0,0.0
Tamil Nadu,1999,20.7,19.7,100.0,100.0,64.266,100.0,97.8,88.2,15.2,0.0,0.0,0.0,0.0,0.0,0.0,0.0
Tamil Nadu,2000,21.7,20.9,100.0,100.0,64.266,100.0,98.3,93.5,21.7,0.0,0.0,0.0,0.0,0.0,0.0,0.0
Tamil Nadu,2001,24.5,23.9,100.0,100.0,65.253,100.0,99.0,97.5,57.0,0.4,0.0,0.0,0.0,0.0,0.0,0.0
Tamil Nadu,2002,23.1,22.5,100.0,100.0,66.241,100.0,99.5,97.1,31.6,0.0,0.0,0.0,0.0,0.0,0.0,0.0
Tamil Nadu,2003,23.8,23.0,100.0,100.0,67.228,100.0,99.5,97.8,34.5,0.6,0.0,0.0,0.0,0.0,0.0,0.0
Tamil Nadu,2004,25.1,24.5,100.0,100.0,68.215,100.0,99.8,98.3,61.9,1.4,0.0,0.0,0.0,0.0,0.0,0.0
Tamil Nadu,2005,27.1,26.3,100.0,100.0,69.203,100.0,99.7,98.3,80.7,22.3,0.3,0.0,0.0,0.0,0.0,0.0
Tamil Nadu,2006,25.9,25.1,100.0,100.0,70.119,100.0,99.9,98.4,67.4,11.6,0.0,0.0,0.0,0.0,0.0,0.0
Tamil Nadu,2007,27.5,26.3,100.0,100.0,71.035,100.0,99.7,98.3,80.4,24.8,3.6,0.0,0.0,0.0,0.0,0.0
Tamil Nadu,2008,28.3,27.3,100.0,100.0,71.951,100.0,100.0,98.6,87.3,31.7,3.2,0.0,0.0,0.0,0.0,0.0
Tamil Nadu,2009,28.3,27.1,100.0,100.0,72.867,100.0,100.0,98.4,85.0,32.6,6.2,0.0,0.0,0.0,0.0,0.0
Tamil Nadu,2010,28.3,27.4,100.0,100.0,73.783,100.0,100.0,98.5,88.6,30.8,1.2,0.0,0.0,0.0,0.0,0.0
Tamil Nadu,2011,29.2,28.4,100.0,100.0,74.601,100.0,100.0,99.0,91.6,43.9,4.5,0.0,0.0,0.0,0.0,0.0
Tamil Nadu,2012,27.8,26.7,100.0,100.0,75.419,100.0,100.0,98.7,82.8,27.4,3.5,0.0,0.0,0.0,0.0,0.0
Tamil Nadu,2013,25.9,24.6,100.0,100.0,76.237,100.0,99.5,98.1,63.2,13.5,0.8,0.0,0.0,0.0,0.0,0.0
Tamil Nadu,2014,27.9,26.5,100.0,100.0,77.055,100.0,99.9,98.7,81.8,26.6,7.0,0.0,0.0,0.0,0.0,0.0
Tamil Nadu,2015,23.4,22.5,100.0,100.0,77.873,100.0,99.8,98.1,30.7,0.2,0.0,0.0,0.0,0.0,0.0,0.0
Tamil Nadu,2016,28.2,26.5,100.0,100.0,78.646,100.0,100.0,98.8,81.0,27.3,8.8,0.5,0.0,0.0,0.0,0.0
Tamil Nadu,2017,29.2,27.7,100.0,100.0,79.420,100.0,100.0,98.8,88.8,37.7,9.8,0.3,0.0,0.0,0.0,0.0
Tamil Nadu,2018,31.3,29.8,100.0,100.0,80.193,100.0,100.0,99.4,93.2,64.7,18.5,3.9,0.0,0.0,0.0,0.0
Tamil Nadu,2019,26.1,24.6,100.0,100.0,80.966,100.0,99.7,98.3,63.8,14.1,5.0,0.0,0.0,0.0,0.0,0.0
Tamil Nadu,2020,24.9,23.6,100.0,100.0,81.740,100.0,99.6,98.0,50.8,8.7,0.0,0.0,0.0,0.0,0.0,0.0
Tamil Nadu,2021,27.1,25.8,100.0,100.0,81.740,100.0,100.0,99.0,74.2,20.2,4.7,0.0,0.0,0.0,0.0,0.0
Tamil Nadu,2022,27.1,25.7,100.0,100.0,81.740,100.0,100.0,98.9,73.8,22.3,6.1,0.0,0.0,0.0,0.0,0.0
Telangana,1998,19.4,18.4,100.0,99.8,32.035,100.0,100.0,95.0,0.3,0.0,0.0,0.0,0.0,0.0,0.0,0.0
Telangana,1999,21.2,20.6,100.0,99.8,32.035,100.0,100.0,98.8,5.9,0.0,0.0,0.0,0.0,0.0,0.0,0.0
Telangana,2000,22.7,21.7,100.0,99.8,32.035,100.0,100.0,99.9,19.6,0.0,0.0,0.0,0.0,0.0,0.0,0.0
Telangana,2001,25.0,24.3,100.0,99.8,32.459,100.0,100.0,100.0,51.7,0.1,0.0,0.0,0.0,0.0,0.0,0.0
Telangana,2002,25.3,24.4,100.0,99.8,32.883,100.0,100.0,100.0,55.3,0.2,0.0,0.0,0.0,0.0,0.0,0.0
Telangana,2003,26.4,25.4,100.0,99.8,33.307,100.0,100.0,100.0,68.8,7.1,0.0,0.0,0.0,0.0,0.0,0.0
Telangana,2004,26.9,26.0,100.0,99.8,33.731,100.0,100.0,100.0,72.7,13.6,0.0,0.0,0.0,0.0,0.0,0.0
Telangana,2005,28.6,27.4,100.0,99.8,34.155,100.0,100.0,100.0,92.8,30.9,0.2,0.0,0.0,0.0,0.0,0.0
Telangana,2006,30.2,28.8,100.0,99.8,34.547,100.0,100.0,100.0,98.8,49.2,8.0,0.0,0.0,0.0,0.0,0.0
Telangana,2007,31.6,30.1,100.0,99.8,34.939,100.0,100.0,100.0,99.7,66.1,15.9,0.0,0.0,0.0,0.0,0.0
Telangana,2008,32.7,31.1,100.0,99.8,35.331,100.0,100.0,100.0,99.8,71.8,28.0,1.4,0.0,0.0,0.0,0.0
Telangana,2009,33.7,32.2,100.0,99.8,35.723,100.0,100.0,100.0,100.0,86.3,33.3,6.1,0.0,0.0,0.0,0.0
Telangana,2010,32.2,30.5,100.0,99.8,36.115,100.0,100.0,100.0,100.0,70.7,21.0,1.9,0.0,0.0,0.0,0.0
Telangana,2011,32.2,30.8,100.0,99.8,36.466,100.0,100.0,100.0,100.0,67.0,22.1,3.3,0.0,0.0,0.0,0.0
Telangana,2012,30.6,29.1,100.0,99.8,36.818,100.0,100.0,100.0,96.2,52.5,15.1,0.6,0.0,0.0,0.0,0.0
Telangana,2013,31.4,29.9,100.0,99.8,37.169,100.0,100.0,100.0,98.4,59.0,19.9,2.5,0.0,0.0,0.0,0.0
Telangana,2014,33.1,31.6,100.0,99.8,37.520,100.0,100.0,100.0,100.0,78.1,25.5,7.0,0.0,0.0,0.0,0.0
Telangana,2015,30.7,29.4,100.0,99.8,37.872,100.0,100.0,100.0,97.1,50.8,16.5,0.7,0.0,0.0,0.0,0.0
Telangana,2016,33.2,30.7,100.0,99.8,38.214,100.0,100.0,100.0,98.7,70.3,31.9,13.4,0.2,0.0,0.0,0.0
Telangana,2017,35.3,32.7,100.0,99.8,38.556,100.0,100.0,100.0,100.0,87.0,44.8,16.8,8.1,0.0,0.0,0.0
Telangana,2018,35.8,33.2,100.0,99.8,38.897,100.0,100.0,100.0,100.0,88.6,48.4,21.9,7.7,0.0,0.0,0.0
Telangana,2019,33.2,31.3,100.0,99.8,39.239,100.0,100.0,100.0,99.3,71.2,34.4,9.9,0.0,0.0,0.0,0.0
Telangana,2020,33.2,31.4,100.0,99.8,39.581,100.0,100.0,100.0,99.0,76.1,33.0,8.4,0.0,0.0,0.0,0.0
Telangana,2021,35.8,34.0,100.0,99.8,39.581,100.0,100.0,100.0,99.9,89.5,53.8,20.8,2.2,0.0,0.0,0.0
Telangana,2022,31.9,29.5,100.0,99.8,39.581,100.0,100.0,100.0,95.7,61.4,25.3,8.3,0.0,0.0,0.0,0.0
Tripura,1998,43.6,41.6,100.0,100.0,3.418,100.0,100.0,100.0,100.0,98.4,86.5,72.8,55.8,10.9,1.0,0.0
Tripura,1999,44.0,41.6,100.0,100.0,3.418,100.0,100.0,100.0,100.0,94.9,83.3,71.0,57.0,21.7,3.0,0.1
Tripura,2000,45.8,42.9,100.0,100.0,3.418,100.0,100.0,100.0,100.0,99.7,90.5,74.7,61.4,37.3,2.6,0.1
Tripura,2001,48.5,45.3,100.0,100.0,3.470,100.0,100.0,100.0,100.0,99.7,91.1,78.9,70.3,56.2,25.5,1.1
Tripura,2002,45.8,43.1,100.0,100.0,3.521,100.0,100.0,100.0,100.0,99.7,90.9,75.6,60.8,36.4,3.9,0.1
Tripura,2003,50.2,47.5,100.0,100.0,3.573,100.0,100.0,100.0,100.0,100.0,98.8,87.3,74.0,60.5,32.0,2.8
Tripura,2004,50.2,47.0,100.0,100.0,3.624,100.0,100.0,100.0,100.0,100.0,96.9,82.2,71.6,59.1,35.6,8.8
Tripura,2005,53.4,49.7,100.0,100.0,3.676,100.0,100.0,100.0,100.0,99.8,98.7,89.1,76.2,67.3,54.7,29.9
Tripura,2006,56.6,54.1,100.0,100.0,3.722,100.0,100.0,100.0,100.0,100.0,100.0,99.8,89.9,75.9,64.0,42.3
Tripura,2007,54.2,51.3,100.0,100.0,3.768,100.0,100.0,100.0,100.0,100.0,99.9,96.2,80.7,69.7,55.3,28.0
Tripura,2008,55.9,52.5,100.0,100.0,3.814,100.0,100.0,100.0,100.0,100.0,99.8,94.0,81.7,72.2,61.1,39.2
Tripura,2009,61.9,58.0,100.0,100.0,3.860,100.0,100.0,100.0,100.0,100.0,100.0,99.8,93.4,81.0,72.5,63.0
Tripura,2010,61.3,57.3,100.0,100.0,3.906,100.0,100.0,100.0,100.0,100.0,100.0,99.7,91.4,78.2,71.1,61.7
Tripura,2011,61.2,57.8,100.0,100.0,3.946,100.0,100.0,100.0,100.0,100.0,100.0,99.6,92.0,81.0,73.0,64.1
Tripura,2012,62.1,57.8,100.0,100.0,3.986,100.0,100.0,100.0,100.0,100.0,100.0,99.7,93.2,81.8,71.8,62.2
Tripura,2013,53.9,50.5,100.0,100.0,4.026,100.0,100.0,100.0,100.0,100.0,99.8,92.2,78.2,66.8,51.7,29.1
Tripura,2014,62.4,58.9,100.0,100.0,4.066,100.0,100.0,100.0,100.0,100.0,100.0,99.4,91.5,80.3,71.9,65.0
Tripura,2015,60.1,56.2,100.0,100.0,4.106,100.0,100.0,100.0,100.0,100.0,100.0,98.4,89.3,76.6,69.6,60.9
Tripura,2016,57.7,53.9,100.0,100.0,4.143,100.0,100.0,100.0,100.0,100.0,100.0,97.8,86.7,72.8,66.5,50.3
Tripura,2017,53.5,49.2,100.0,100.0,4.179,100.0,100.0,100.0,100.0,99.8,97.9,85.5,72.3,66.7,53.0,32.6
Tripura,2018,70.9,66.0,100.0,100.0,4.216,100.0,100.0,100.0,100.0,100.0,100.0,99.9,99.7,97.2,88.4,74.7
Tripura,2019,57.7,54.1,100.0,100.0,4.252,100.0,100.0,100.0,100.0,100.0,99.8,95.9,83.9,71.9,63.4,50.2
Tripura,2020,62.3,58.4,100.0,100.0,4.289,100.0,100.0,100.0,100.0,100.0,100.0,99.8,95.2,85.0,71.7,60.4
Tripura,2021,65.5,62.0,100.0,100.0,4.289,100.0,100.0,100.0,100.0,100.0,100.0,100.0,99.7,92.4,80.5,69.8
Tripura,2022,52.4,48.7,100.0,100.0,4.289,100.0,100.0,100.0,100.0,99.9,94.1,83.1,72.8,65.1,46.7,25.7
Uttar Pradesh,1998,56.2,53.6,100.0,99.9,169.701,100.0,100.0,100.0,99.7,99.0,97.1,93.3,86.1,74.6,60.4,40.8
Uttar Pradesh,1999,54.5,52.2,100.0,99.9,169.701,100.0,100.0,100.0,99.9,99.4,97.7,94.1,87.3,73.8,52.7,25.7
Uttar Pradesh,2000,61.9,59.0,100.0,99.9,169.701,100.0,100.0,100.0,99.9,99.5,98.5,97.2,94.3,89.3,81.6,68.7
Uttar Pradesh,2001,65.8,62.8,100.0,99.9,173.057,100.0,100.0,100.0,100.0,99.9,99.4,98.2,96.3,91.2,85.1,76.8
Uttar Pradesh,2002,66.7,63.7,100.0,99.9,176.413,100.0,100.0,100.0,100.0,100.0,99.7,98.7,96.2,93.1,87.3,78.6
Uttar Pradesh,2003,72.7,69.4,100.0,99.9,179.769,100.0,100.0,100.0,100.0,100.0,99.9,99.5,98.1,95.2,90.5,84.3
Uttar Pradesh,2004,73.0,69.8,100.0,99.9,183.125,100.0,100.0,100.0,100.0,100.0,100.0,99.6,98.4,96.6,93.3,87.7
Uttar Pradesh,2005,68.3,65.3,100.0,99.9,186.481,100.0,100.0,100.0,100.0,100.0,99.7,98.9,96.8,93.3,88.1,80.8
Uttar Pradesh,2006,67.0,64.0,100.0,99.9,189.735,100.0,100.0,100.0,100.0,100.0,99.8,98.9,97.1,93.9,87.9,80.3
Uttar Pradesh,2007,71.3,68.2,100.0,99.9,192.989,100.0,100.0,100.0,100.0,100.0,100.0,99.6,98.3,96.6,92.6,87.2
Uttar Pradesh,2008,82.2,78.8,100.0,99.9,196.243,100.0,100.0,100.0,100.0,100.0,100.0,100.0,99.7,99.1,97.6,94.6
Uttar Pradesh,2009,77.6,74.2,100.0,99.9,199.497,100.0,100.0,100.0,100.0,100.0,100.0,99.8,99.1,97.4,95.3,91.5
Uttar Pradesh,2010,79.5,75.8,100.0,99.9,202.751,100.0,100.0,100.0,100.0,100.0,100.0,99.7,99.0,97.7,96.3,93.2
Uttar Pradesh,2011,84.7,80.8,100.0,99.9,205.810,100.0,100.0,100.0,100.0,100.0,100.0,100.0,99.9,99.5,97.9,95.7
Uttar Pradesh,2012,79.2,75.6,100.0,99.9,208.870,100.0,100.0,100.0,100.0,100.0,100.0,99.9,99.4,98.1,96.8,94.1
Uttar Pradesh,2013,78.4,74.9,100.0,99.9,211.930,100.0,100.0,100.0,100.0,100.0,100.0,100.0,99.7,98.3,96.2,93.1
Uttar Pradesh,2014,72.7,69.7,100.0,99.9,214.989,100.0,100.0,100.0,100.0,100.0,100.0,99.9,99.1,97.4,94.6,89.4
Uttar Pradesh,2015,75.7,72.6,100.0,99.9,218.049,100.0,100.0,100.0,100.0,100.0,100.0,99.8,98.9,97.5,96.3,92.9
Uttar Pradesh,2016,86.1,81.4,100.0,99.9,221.045,100.0,100.0,100.0,100.0,100.0,100.0,100.0,99.7,98.7,97.6,95.6
Uttar Pradesh,2017,83.2,79.4,100.0,99.9,224.042,100.0,100.0,100.0,100.0,100.0,100.0,100.0,99.7,98.7,97.1,94.9
Uttar Pradesh,2018,81.4,77.5,100.0,99.9,227.038,100.0,100.0,100.0,100.0,100.0,100.0,99.8,99.3,98.1,97.0,94.6
Uttar Pradesh,2019,81.2,77.9,100.0,99.9,230.035,100.0,100.0,100.0,100.0,100.0,100.0,100.0,99.7,98.7,95.9,91.9
Uttar Pradesh,2020,77.1,74.0,100.0,99.9,233.031,100.0,100.0,100.0,100.0,100.0,100.0,99.9,99.3,97.5,94.8,91.1
Uttar Pradesh,2021,81.8,78.5,100.0,99.9,233.031,100.0,100.0,100.0,100.0,100.0,100.0,100.0,99.8,98.8,97.5,95.1
Uttar Pradesh,2022,76.8,73.7,100.0,99.9,233.031,100.0,100.0,100.0,100.0,100.0,100.0,99.8,98.9,97.2,95.3,91.5
Uttarakhand,1998,27.9,22.1,100.0,100.0,8.965,100.0,100.0,98.6,57.0,35.2,17.7,10.3,4.4,0.0,0.0,0.0
Uttarakhand,1999,28.2,22.7,100.0,100.0,8.965,100.0,100.0,99.2,59.2,37.3,18.2,11.6,6.4,0.0,0.0,0.0
Uttarakhand,2000,35.3,30.5,100.0,100.0,8.965,100.0,100.0,100.0,94.4,74.6,46.1,22.8,12.0,6.4,0.0,0.0
Uttarakhand,2001,35.9,31.2,100.0,100.0,9.125,100.0,100.0,100.0,99.7,75.7,49.2,27.8,12.2,4.7,0.0,0.0
Uttarakhand,2002,36.2,30.7,100.0,100.0,9.285,100.0,100.0,100.0,96.9,76.0,50.0,27.8,14.1,9.5,3.1,0.0
Uttarakhand,2003,38.2,31.8,100.0,100.0,9.445,100.0,100.0,100.0,97.1,79.2,57.6,43.2,23.6,10.4,4.4,0.1
Uttarakhand,2004,40.9,34.0,100.0,100.0,9.604,100.0,100.0,100.0,99.9,87.3,65.4,49.8,34.7,17.8,10.4,4.2
Uttarakhand,2005,33.7,27.4,100.0,100.0,9.764,100.0,100.0,100.0,81.3,54.7,42.4,29.0,13.1,7.8,1.0,0.0
Uttarakhand,2006,35.6,28.4,100.0,100.0,9.922,100.0,100.0,100.0,86.0,59.1,51.0,36.2,18.9,9.8,3.4,0.0
Uttarakhand,2007,38.1,30.6,100.0,100.0,10.080,100.0,100.0,100.0,96.1,63.7,53.4,43.5,30.2,15.3,8.7,0.7
Uttarakhand,2008,43.5,34.4,100.0,100.0,10.238,100.0,100.0,100.0,99.8,85.3,61.2,55.0,46.8,36.0,19.3,10.9
Uttarakhand,2009,41.0,32.9,100.0,100.0,10.396,100.0,100.0,100.0,98.5,80.1,59.9,51.7,35.9,20.2,12.8,8.9
Uttarakhand,2010,43.6,34.0,100.0,100.0,10.554,100.0,100.0,100.0,99.2,82.1,62.4,55.6,48.7,32.6,17.7,12.3
Uttarakhand,2011,45.4,34.7,100.0,100.0,10.706,100.0,100.0,100.0,99.3,85.9,69.8,58.1,51.8,40.5,24.9,14.1
Uttarakhand,2012,42.3,33.5,100.0,100.0,10.859,100.0,100.0,100.0,100.0,81.7,59.7,52.5,41.5,31.1,16.7,10.1
Uttarakhand,2013,43.9,34.1,100.0,100.0,11.011,100.0,100.0,100.0,99.2,82.1,61.5,55.0,48.0,34.0,18.9,14.6
Uttarakhand,2014,42.4,34.4,100.0,100.0,11.164,100.0,100.0,100.0,99.4,85.1,60.9,54.0,45.2,30.0,13.8,9.3
Uttarakhand,2015,45.1,35.8,100.0,100.0,11.316,100.0,100.0,100.0,100.0,90.2,65.1,57.5,53.0,40.5,26.1,12.3
Uttarakhand,2016,47.8,37.5,100.0,100.0,11.472,100.0,100.0,100.0,100.0,90.3,76.0,61.5,56.6,48.8,33.0,18.5
Uttarakhand,2017,45.0,34.4,100.0,100.0,11.627,100.0,100.0,100.0,99.7,83.2,64.3,59.9,53.1,39.0,25.5,13.5
Uttarakhand,2018,47.0,36.4,100.0,100.0,11.782,100.0,100.0,100.0,100.0,90.9,74.2,61.4,56.6,47.4,28.2,15.3
Uttarakhand,2019,41.5,31.4,100.0,100.0,11.937,100.0,100.0,100.0,98.0,73.3,61.0,55.4,41.7,27.4,13.2,9.3
Uttarakhand,2020,41.0,30.5,100.0,100.0,12.092,100.0,100.0,100.0,95.3,66.3,59.4,54.3,41.1,23.8,14.6,10.8
Uttarakhand,2021,48.1,38.3,100.0,100.0,12.092,100.0,100.0,100.0,100.0,99.2,84.6,63.4,58.4,51.4,31.9,16.1
Uttarakhand,2022,42.4,31.8,100.0,100.0,12.092,100.0,100.0,100.0,97.6,74.7,62.1,56.8,50.0,28.5,15.9,11.0
West Bengal,1998,30.7,32.8,100.0,99.9,81.845,100.0,100.0,99.9,69.9,52.1,34.8,8.7,1.4,0.0,0.0,0.0
West Bengal,1999,33.0,34.7,100.0,99.9,81.845,100.0,100.0,100.0,92.1,60.3,46.2,13.6,0.4,0.0,0.0,0.0
West Bengal,2000,37.3,38.9,100.0,99.9,81.845,100.0,100.0,100.0,99.6,85.0,57.9,44.4,10.8,0.0,0.0,0.0
West Bengal,2001,38.9,40.9,100.0,99.9,82.974,100.0,100.0,100.0,99.7,89.7,60.0,50.4,24.1,3.8,0.0,0.0
West Bengal,2002,40.2,41.9,100.0,99.9,84.104,100.0,100.0,100.0,99.7,94.4,67.4,52.2,37.7,4.5,0.0,0.0
West Bengal,2003,40.1,42.3,100.0,99.9,85.234,100.0,100.0,100.0,99.8,91.5,69.5,52.9,33.2,5.0,0.1,0.0
West Bengal,2004,42.9,44.7,100.0,99.9,86.363,100.0,100.0,100.0,100.0,99.3,88.0,61.1,45.7,14.5,1.7,0.0
West Bengal,2005,44.5,45.8,100.0,99.9,87.493,100.0,100.0,100.0,100.0,99.8,95.4,73.1,50.5,20.8,1.6,0.0
West Bengal,2006,49.3,50.6,100.0,99.9,88.502,100.0,100.0,100.0,100.0,99.8,99.2,95.1,71.7,48.0,20.3,3.4
West Bengal,2007,49.5,50.8,100.0,99.9,89.511,100.0,100.0,100.0,100.0,99.7,99.1,94.0,74.5,48.2,22.4,3.9
West Bengal,2008,54.1,55.8,100.0,99.9,90.519,100.0,100.0,100.0,100.0,99.8,99.4,94.9,85.4,66.4,50.2,27.1
West Bengal,2009,57.4,58.6,100.0,99.9,91.528,100.0,100.0,100.0,100.0,100.0,99.9,99.5,96.2,85.4,62.5,39.5
West Bengal,2010,50.1,51.6,100.0,99.9,92.537,100.0,100.0,100.0,100.0,99.8,99.4,94.4,74.1,52.5,29.6,3.9
West Bengal,2011,56.9,57.7,100.0,99.9,93.392,100.0,100.0,100.0,100.0,99.9,99.6,97.6,93.8,80.4,58.0,40.8
West Bengal,2012,56.5,57.5,100.0,99.9,94.248,100.0,100.0,100.0,100.0,100.0,99.7,99.2,96.7,80.2,55.7,32.5
West Bengal,2013,55.7,56.2,100.0,99.9,95.103,100.0,100.0,100.0,100.0,99.7,99.2,96.7,93.2,78.9,54.9,31.9
West Bengal,2014,59.4,59.2,100.0,99.9,95.958,100.0,100.0,100.0,100.0,99.8,99.4,98.1,94.6,93.1,83.2,50.2
West Bengal,2015,56.0,56.7,100.0,99.9,96.814,100.0,100.0,100.0,100.0,99.8,99.6,96.4,94.3,78.6,58.6,30.8
West Bengal,2016,56.9,56.8,100.0,99.9,97.581,100.0,100.0,100.0,99.9,99.6,98.7,95.2,93.6,84.3,62.3,35.8
West Bengal,2017,57.8,58.0,100.0,99.9,98.349,100.0,100.0,100.0,100.0,99.8,99.4,97.8,94.4,88.1,69.3,39.5
West Bengal,2018,63.0,62.8,100.0,99.9,99.116,100.0,100.0,100.0,100.0,100.0,99.7,99.4,98.2,95.3,85.4,69.6
West Bengal,2019,55.5,56.7,100.0,99.9,99.884,100.0,100.0,100.0,100.0,99.7,99.5,97.0,92.0,78.8,57.5,26.6
West Bengal,2020,58.0,59.5,100.0,99.9,100.651,100.0,100.0,100.0,100.0,99.8,99.6,97.9,94.3,81.2,61.1,46.0
West Bengal,2021,60.5,61.6,100.0,99.9,100.651,100.0,100.0,100.0,100.0,99.8,99.5,99.0,95.7,93.9,78.2,52.9
West Bengal,2022,49.5,50.4,100.0,99.9,100.651,100.0,100.0,100.0,99.8,99.5,96.4,89.2,66.5,50.7,29.9,8.2
